X,system,Cause,Effect,rho_Lmax,p_Z,Kendall_tau,Kendall_p,Convergence,Standardized_linkage_strength,direction,biomasss,trait.effect.abundance.total,Warming_rate,temp_mean
1,WS,A..senarius.1,A..senarius,0.795193848,0.195324404,1,0.002666712,FALSE,0.832014241,trait affects abundance,0.001260701,0.80952381,0.033718254,10.10015309
2,WS,Amoeba.indet.1,Amoeba.indet,0.666762188,0.131158976,0.99999994,0.008534908,FALSE,0.697635724,trait affects abundance,0.000688593,0.80952381,0.033718254,10.10015309
3,WS,B..brockmannii.1,B..brockmannii,0.806530711,0.197498045,1,0.002666712,FALSE,0.843876042,trait affects abundance,5.51E-05,0.80952381,0.033718254,10.10015309
4,WS,Bacillariophyceae.indet.1,Bacillariophyceae.indet,0.497746211,0.310431399,1,0.002666712,FALSE,0.520793687,trait affects abundance,0.000119779,0.80952381,0.033718254,10.10015309
5,WS,C..closterium.1,C..closterium,0.875490542,0.152535693,0.714285731,0.035498142,FALSE,0.916028967,trait affects abundance,4.24E-05,0.80952381,0.033718254,10.10015309
6,WS,C..danicus.1,C..danicus,0.802311176,0.158569188,0.90476191,0.006863832,FALSE,0.839461128,trait affects abundance,0.000141994,0.80952381,0.033718254,10.10015309
7,WS,C..debilis.1,C..debilis,0.946546209,0.059159064,1,0.002666712,FALSE,0.990374772,trait affects abundance,0.000121409,0.80952381,0.033718254,10.10015309
8,WS,C..densus.1,C..densus,0.647035892,0.029783504,0.99999994,0.008534908,TRUE,0.676996028,trait affects abundance,0.000858682,0.80952381,0.033718254,10.10015309
9,WS,Chaetoceros.sp..1,Chaetoceros.sp.,0.627003076,0.239428172,0.99999994,0.008534908,FALSE,0.656035619,trait affects abundance,9.17E-05,0.80952381,0.033718254,10.10015309
10,WS,Ciliates.indet.1,Ciliates.indet,0.828617635,0.042276146,0.90476191,0.006863832,TRUE,0.866985672,trait affects abundance,0.000774601,0.80952381,0.033718254,10.10015309
11,WS,D..brightwellii.1,D..brightwellii,0.817734302,0.147305979,0.428571433,0.229556203,FALSE,0.855598401,trait affects abundance,0.001387813,0.80952381,0.033718254,10.10015309
12,WS,D..surirella.1,D..surirella,0.871312776,0.061983803,1,0.002666712,FALSE,0.911657755,trait affects abundance,0.000198886,0.80952381,0.033718254,10.10015309
13,WS,Dinophy.indet.1,Dinophy.indet,0.784829563,0.302221564,0.99999994,0.008534908,FALSE,0.821170052,trait affects abundance,0.000600534,0.80952381,0.033718254,10.10015309
14,WS,Diplopsalis.gr.1,Diplopsalis.gr,0.868732294,0.026335864,1,0.002666712,TRUE,0.908957788,trait affects abundance,0.002645938,0.80952381,0.033718254,10.10015309
15,WS,E..dubium.1,E..dubium,0.750153867,0.133544469,1,0.002666712,FALSE,0.784888744,trait affects abundance,0.00019149,0.80952381,0.033718254,10.10015309
16,WS,E..tripartita.1,E..tripartita,0.549587807,0.207278712,1,0.002666712,FALSE,0.575035739,trait affects abundance,0.000823513,0.80952381,0.033718254,10.10015309
17,WS,G..delicatula.1,G..delicatula,0.742580768,0.070097126,0.99999994,0.008534908,FALSE,0.776964983,trait affects abundance,0.000713202,0.80952381,0.033718254,10.10015309
18,WS,G..striata.1,G..striata,0.938721024,0.051090284,1,0.002666712,FALSE,0.982187252,trait affects abundance,0.00224566,0.80952381,0.033718254,10.10015309
19,WS,L..danicus.1,L..danicus,0.830952398,0.057743691,0.90476191,0.006863832,FALSE,0.869428543,trait affects abundance,0.000132376,0.80952381,0.033718254,10.10015309
20,WS,L..minimus.1,L..minimus,0.773113858,0.159288201,1,0.002666712,FALSE,0.808911867,trait affects abundance,3.92E-05,0.80952381,0.033718254,10.10015309
21,WS,L..strobila.1,L..strobila,0.8770998,0.140431869,1,0.002666712,FALSE,0.91771274,trait affects abundance,0.010419839,0.80952381,0.033718254,10.10015309
22,WS,L..undulatum.1,L..undulatum,0.869676331,0.075745833,1,0.002666712,FALSE,0.909945536,trait affects abundance,0.00226593,0.80952381,0.033718254,10.10015309
23,WS,M..rubra.1,M..rubra,0.871054342,0.019814129,0.99999994,0.008534908,TRUE,0.911387355,trait affects abundance,0.001540658,0.80952381,0.033718254,10.10015309
24,WS,Navicula.sp..1,Navicula.sp.,0.808963602,0.290396332,1,0.002666712,FALSE,0.846421585,trait affects abundance,0.000134206,0.80952381,0.033718254,10.10015309
25,WS,O..aurita.1,O..aurita,0.338721521,0.162624876,0.90476191,0.006863832,FALSE,0.35440557,trait affects abundance,0.000732169,0.80952381,0.033718254,10.10015309
26,WS,O..aurita.var..minima.1,O..aurita.var..minima,0.607564485,0.039999552,0.99999994,0.008534908,TRUE,0.635696951,trait affects abundance,0.000214126,0.80952381,0.033718254,10.10015309
27,WS,O..mobiliensis.1,O..mobiliensis,0.877026303,0.026918184,0.99999994,0.008534908,TRUE,0.91763584,trait affects abundance,0.003442037,0.80952381,0.033718254,10.10015309
28,WS,O..regia.1,O..regia,0.727553236,0.196397326,1,0.002666712,FALSE,0.761241621,trait affects abundance,0.007345017,0.80952381,0.033718254,10.10015309
29,WS,O..rhombus.1,O..rhombus,0.868106814,0.111251547,1,0.002666712,FALSE,0.908303345,trait affects abundance,0.003370406,0.80952381,0.033718254,10.10015309
30,WS,O..rhombus.f.trigona.1,O..rhombus.f.trigona,0.861473345,0.112088606,1,0.002666712,FALSE,0.901362722,trait affects abundance,0.00303628,0.80952381,0.033718254,10.10015309
31,WS,P..micans.1,P..micans,0.885841306,0.058470946,0.99999994,0.008534908,FALSE,0.926859009,trait affects abundance,0.001279529,0.80952381,0.033718254,10.10015309
32,WS,P..sulcata.1,P..sulcata,0.784617608,0.208162615,1,0.002666712,FALSE,0.820948283,trait affects abundance,0.000443558,0.80952381,0.033718254,10.10015309
33,WS,P..vanheurckii.1,P..vanheurckii,0.87381539,0.006292193,1,0.002666712,TRUE,0.91427625,trait affects abundance,0.000194902,0.80952381,0.033718254,10.10015309
34,WS,Pleurosigma.sp..1,Pleurosigma.sp.,0.878525504,0.157131438,1,0.002666712,FALSE,0.919204459,trait affects abundance,0.000958019,0.80952381,0.033718254,10.10015309
35,WS,Protoperidinium.sp..1,Protoperidinium.sp.,0.860875539,0.211954712,0.90476191,0.006863832,FALSE,0.900737236,trait affects abundance,0.003564276,0.80952381,0.033718254,10.10015309
36,WS,Prymnesiophyceae.indet.1,Prymnesiophyceae.indet,0.335263618,0.248876204,0.866666615,0.024170518,FALSE,0.350787554,trait affects abundance,8.59E-05,0.80952381,0.033718254,10.10015309
37,WS,Pseudo.nitzschia.sp..1,Pseudo.nitzschia.sp.,0.675702082,0.002267041,1,0.002666712,TRUE,0.706989568,trait affects abundance,9.66E-05,0.80952381,0.033718254,10.10015309
38,WS,R..imbricata.1,R..imbricata,0.369710911,0.152572436,0.99999994,0.008534908,FALSE,0.386829883,trait affects abundance,0.001660201,0.80952381,0.033718254,10.10015309
39,WS,R..setigera.1,R..setigera,0.7470042,0.090105782,1,0.002666712,FALSE,0.781593236,trait affects abundance,0.001617503,0.80952381,0.033718254,10.10015309
40,WS,S..fragilarioides.1,S..fragilarioides,0.701142016,0.116135196,1,0.002666712,FALSE,0.733607465,trait affects abundance,0.000195751,0.80952381,0.033718254,10.10015309
41,WS,Thalassiosira.sp..1,Thalassiosira.sp.,0.563927663,0.085304144,0.99999994,0.008534908,FALSE,0.590039583,trait affects abundance,0.000323591,0.80952381,0.033718254,10.10015309
42,WS,Tintinidae.indet.1,Tintinidae.indet,0.807008443,0.078888721,0.99999994,0.008534908,FALSE,0.844375895,trait affects abundance,0.001176215,0.80952381,0.033718254,10.10015309
43,WS,A..senarius,A..senarius.1,0.796614913,0.390302092,0.428571433,0.229556203,FALSE,0.833501107,abundance affects trait,0.001260701,0.80952381,0.033718254,10.10015309
44,WS,Amoeba.indet,Amoeba.indet.1,0.667161065,0.206167858,1,0.002666712,FALSE,0.698053071,abundance affects trait,0.000688593,0.80952381,0.033718254,10.10015309
45,WS,B..brockmannii,B..brockmannii.1,0.76489478,0.238147018,0.714285731,0.035498142,FALSE,0.800312215,abundance affects trait,5.51E-05,0.80952381,0.033718254,10.10015309
46,WS,Bacillariophyceae.indet,Bacillariophyceae.indet.1,0.461044603,0.256031257,1,0.002666712,FALSE,0.48239266,abundance affects trait,0.000119779,0.80952381,0.033718254,10.10015309
47,WS,C..closterium,C..closterium.1,0.872953348,0.104272638,1,0.002666712,FALSE,0.913374291,abundance affects trait,4.24E-05,0.80952381,0.033718254,10.10015309
48,WS,C..danicus,C..danicus.1,0.776027496,0.058798804,1,0.002666712,FALSE,0.811960417,abundance affects trait,0.000141994,0.80952381,0.033718254,10.10015309
49,WS,C..debilis,C..debilis.1,0.955745477,0.01496913,1,0.002666712,TRUE,1,abundance affects trait,0.000121409,0.80952381,0.033718254,10.10015309
50,WS,C..densus,C..densus.1,0.542901472,0.037519978,1,0.002666712,FALSE,0.568039803,abundance affects trait,0.000858682,0.80952381,0.033718254,10.10015309
51,WS,Chaetoceros.sp.,Chaetoceros.sp..1,0.713584635,0.060798939,0.99999994,0.008534908,FALSE,0.746626222,abundance affects trait,9.17E-05,0.80952381,0.033718254,10.10015309
52,WS,Ciliates.indet,Ciliates.indet.1,0.821788544,0.115743944,0.99999994,0.008534908,FALSE,0.85984037,abundance affects trait,0.000774601,0.80952381,0.033718254,10.10015309
53,WS,D..brightwellii,D..brightwellii.1,0.929649075,0.001590516,1,0.002666712,TRUE,0.972695239,abundance affects trait,0.001387813,0.80952381,0.033718254,10.10015309
54,WS,D..surirella,D..surirella.1,0.865387342,0.07829749,1,0.002666712,FALSE,0.905457951,abundance affects trait,0.000198886,0.80952381,0.033718254,10.10015309
55,WS,Dinophy.indet,Dinophy.indet.1,0.895200556,0.100695927,0.99999994,0.008534908,FALSE,0.936651627,abundance affects trait,0.000600534,0.80952381,0.033718254,10.10015309
56,WS,Diplopsalis.gr,Diplopsalis.gr.1,0.753314456,0.120789406,0.99999994,0.008534908,FALSE,0.78819568,abundance affects trait,0.002645938,0.80952381,0.033718254,10.10015309
57,WS,E..dubium,E..dubium.1,0.746577819,0.158648813,0.99999994,0.008534908,FALSE,0.781147111,abundance affects trait,0.00019149,0.80952381,0.033718254,10.10015309
58,WS,E..tripartita,E..tripartita.1,0.529249563,0.13079671,1,0.002666712,FALSE,0.55375576,abundance affects trait,0.000823513,0.80952381,0.033718254,10.10015309
59,WS,G..delicatula,G..delicatula.1,0.781320481,0.021825532,0.99999994,0.008534908,TRUE,0.817498486,abundance affects trait,0.000713202,0.80952381,0.033718254,10.10015309
60,WS,G..striata,G..striata.1,0.932538265,0.062897539,1,0.002666712,FALSE,0.975718209,abundance affects trait,0.00224566,0.80952381,0.033718254,10.10015309
61,WS,L..danicus,L..danicus.1,0.766159765,0.041585112,0.99999994,0.008534908,TRUE,0.801635774,abundance affects trait,0.000132376,0.80952381,0.033718254,10.10015309
62,WS,L..minimus,L..minimus.1,0.647799687,0.423723163,0.238095239,0.548005581,FALSE,0.67779519,abundance affects trait,3.92E-05,0.80952381,0.033718254,10.10015309
63,WS,L..strobila,L..strobila.1,0.902971735,0.109698305,1,0.002666712,FALSE,0.944782641,abundance affects trait,0.010419839,0.80952381,0.033718254,10.10015309
64,WS,L..undulatum,L..undulatum.1,0.906208169,0.003220292,0.99999994,0.008534908,TRUE,0.948168932,abundance affects trait,0.00226593,0.80952381,0.033718254,10.10015309
65,WS,M..rubra,M..rubra.1,0.784280408,0.05205494,0.99999994,0.008534908,FALSE,0.820595469,abundance affects trait,0.001540658,0.80952381,0.033718254,10.10015309
66,WS,Navicula.sp.,Navicula.sp..1,0.826509644,0.100992582,1,0.002666712,FALSE,0.864780073,abundance affects trait,0.000134206,0.80952381,0.033718254,10.10015309
67,WS,O..aurita,O..aurita.1,0.105945836,0.323689334,0.714285731,0.035498142,FALSE,0.110851517,abundance affects trait,0.000732169,0.80952381,0.033718254,10.10015309
68,WS,O..aurita.var..minima,O..aurita.var..minima.1,0.591580922,0.091142068,1,0.002666712,FALSE,0.618973289,abundance affects trait,0.000214126,0.80952381,0.033718254,10.10015309
69,WS,O..mobiliensis,O..mobiliensis.1,0.83528319,0.180811136,0.90476191,0.006863832,FALSE,0.873959867,abundance affects trait,0.003442037,0.80952381,0.033718254,10.10015309
70,WS,O..regia,O..regia.1,0.709882187,0.132166476,1,0.002666712,FALSE,0.742752338,abundance affects trait,0.007345017,0.80952381,0.033718254,10.10015309
71,WS,O..rhombus,O..rhombus.1,0.849925812,0.032543766,0.99999994,0.008534908,TRUE,0.889280497,abundance affects trait,0.003370406,0.80952381,0.033718254,10.10015309
72,WS,O..rhombus.f.trigona,O..rhombus.f.trigona.1,0.898769615,0.043405592,1,0.002666712,TRUE,0.940385946,abundance affects trait,0.00303628,0.80952381,0.033718254,10.10015309
73,WS,P..micans,P..micans.1,0.883730529,0.023068281,1,0.002666712,TRUE,0.924650496,abundance affects trait,0.001279529,0.80952381,0.033718254,10.10015309
74,WS,P..sulcata,P..sulcata.1,0.784333702,0.010611393,0.99999994,0.008534908,TRUE,0.820651231,abundance affects trait,0.000443558,0.80952381,0.033718254,10.10015309
75,WS,P..vanheurckii,P..vanheurckii.1,0.785483146,0.113315616,1,0.002666712,FALSE,0.821853898,abundance affects trait,0.000194902,0.80952381,0.033718254,10.10015309
76,WS,Pleurosigma.sp.,Pleurosigma.sp..1,0.916487097,0.056300229,1,0.002666712,FALSE,0.958923813,abundance affects trait,0.000958019,0.80952381,0.033718254,10.10015309
77,WS,Protoperidinium.sp.,Protoperidinium.sp..1,0.852837808,0.136299408,1,0.002666712,FALSE,0.892327328,abundance affects trait,0.003564276,0.80952381,0.033718254,10.10015309
78,WS,Prymnesiophyceae.indet,Prymnesiophyceae.indet.1,0.615257479,0.041029672,0.99999994,0.008534908,FALSE,0.643746158,abundance affects trait,8.59E-05,0.80952381,0.033718254,10.10015309
79,WS,Pseudo.nitzschia.sp.,Pseudo.nitzschia.sp..1,0.547498629,0.048915905,1,0.002666712,FALSE,0.572849825,abundance affects trait,9.66E-05,0.80952381,0.033718254,10.10015309
80,WS,R..imbricata,R..imbricata.1,0.303911508,0.184431511,0.866666615,0.024170518,FALSE,0.317983727,abundance affects trait,0.001660201,0.80952381,0.033718254,10.10015309
81,WS,R..setigera,R..setigera.1,0.589580623,0.169980857,0.866666615,0.024170518,FALSE,0.61688037,abundance affects trait,0.001617503,0.80952381,0.033718254,10.10015309
82,WS,S..fragilarioides,S..fragilarioides.1,0.722152106,0.069640113,1,0.002666712,FALSE,0.755590398,abundance affects trait,0.000195751,0.80952381,0.033718254,10.10015309
83,WS,Thalassiosira.sp.,Thalassiosira.sp..1,0.305774118,0.106457836,1,0.002666712,FALSE,0.319932582,abundance affects trait,0.000323591,0.80952381,0.033718254,10.10015309
84,WS,Tintinidae.indet,Tintinidae.indet.1,0.810705132,0.009032843,0.99999994,0.008534908,TRUE,0.848243755,abundance affects trait,0.001176215,0.80952381,0.033718254,10.10015309
1,ME,Chlamydomonas.globosa..1,Chlamydomonas.globosa.,0.941994376,0.03043114,1,0.002666712,TRUE,0.964007957,trait affects abundance,1.56E-07,0.724137931,0.024158508,10.03227456
2,ME,Cryptomonas.erosa..1,Cryptomonas.erosa.,0.687711214,0.140651439,1,0.002666712,FALSE,0.703782421,trait affects abundance,5.77E-07,0.724137931,0.024158508,10.03227456
3,ME,Aphanizomenon.flos.aquae.1,Aphanizomenon.flos.aquae,0.805734658,0.073443174,1,0.002666712,FALSE,0.824563969,trait affects abundance,6.71E-08,0.724137931,0.024158508,10.03227456
4,ME,Aphanothece.nidulans..1,Aphanothece.nidulans.,0.875429249,4.63E-06,1,0.002666712,TRUE,0.895887262,trait affects abundance,1.50E-09,0.724137931,0.024158508,10.03227456
5,ME,Oscillatoria.limnetica..1,Oscillatoria.limnetica.,0.715189852,0.213939265,1,0.002666712,FALSE,0.73190321,trait affects abundance,1.16E-08,0.724137931,0.024158508,10.03227456
6,ME,Synechocystis...1,Synechocystis..,0.668425533,0.066387793,1,0.002666712,FALSE,0.684046051,trait affects abundance,1.11E-08,0.724137931,0.024158508,10.03227456
7,ME,Miscellaneous.1,Miscellaneous,0.671467857,0.175862725,1,0.002666712,FALSE,0.687159471,trait affects abundance,1.11E-08,0.724137931,0.024158508,10.03227456
8,ME,Rhodomonas.minuta.var..nannoplanctica.1,Rhodomonas.minuta.var..nannoplanctica,0.409166146,0.286322668,1,0.002666712,FALSE,0.418727999,trait affects abundance,5.84E-08,0.724137931,0.024158508,10.03227456
9,ME,Sphaerocystis.schroeteri..1,Sphaerocystis.schroeteri.,0.974290409,8.70E-07,1,0.002666712,TRUE,0.997058719,trait affects abundance,1.16E-07,0.724137931,0.024158508,10.03227456
10,ME,Chlorococcaceae.1,Chlorococcaceae,0.623761852,0.170181797,1,0.002666712,FALSE,0.638338618,trait affects abundance,7.84E-08,0.724137931,0.024158508,10.03227456
11,ME,Microcystis.aeruginosa..1,Microcystis.aeruginosa.,0.885291541,0.033447354,1,0.002666712,TRUE,0.905980026,trait affects abundance,2.94E-08,0.724137931,0.024158508,10.03227456
12,ME,Schroederia.judayi..1,Schroederia.judayi.,0.75155824,0.061127261,1,0.002666712,FALSE,0.769121495,trait affects abundance,2.74E-08,0.724137931,0.024158508,10.03227456
13,ME,Anabaena.flos.aquae..1,Anabaena.flos.aquae.,0.950789346,0.000669714,1,0.002666712,TRUE,0.973008458,trait affects abundance,6.91E-08,0.724137931,0.024158508,10.03227456
14,ME,Aphanocapsa.delicatissima..1,Aphanocapsa.delicatissima.,0.419480354,0.074574171,1,0.002666712,FALSE,0.429283241,trait affects abundance,3.77E-10,0.724137931,0.024158508,10.03227456
15,ME,Coelosphaerium.naegelianum..1,Coelosphaerium.naegelianum.,0.22857759,0.166774384,0.99999994,0.008534908,FALSE,0.233919247,trait affects abundance,1.28E-08,0.724137931,0.024158508,10.03227456
16,ME,Chroococcaceae.1,Chroococcaceae,0.908132861,0.058234157,1,0.002666712,FALSE,0.929355128,trait affects abundance,3.50E-10,0.724137931,0.024158508,10.03227456
17,ME,Erkenia.subaequiciliata..1,Erkenia.subaequiciliata.,0.951894143,0.002117955,1,0.002666712,TRUE,0.974139073,trait affects abundance,4.03E-08,0.724137931,0.024158508,10.03227456
18,ME,Synechococcus.sp1..1,Synechococcus.sp1.,0.801815204,0.027791292,0.99999994,0.008534908,TRUE,0.82055292,trait affects abundance,5.36E-10,0.724137931,0.024158508,10.03227456
19,ME,DIACYCLOPS.THOMASI.1,DIACYCLOPS.THOMASI,0.236666971,0.146504793,0.966091692,0.012898922,FALSE,0.24219767,trait affects abundance,6.52E-05,0.724137931,0.024158508,10.03227456
20,ME,DIAPTOMID.1,DIAPTOMID,0.267827428,0.31119662,0.466666639,0.25965631,FALSE,0.27408632,trait affects abundance,6.53E-05,0.724137931,0.024158508,10.03227456
21,ME,AGLAODIAPTOMUS.CLAVIPES.1,AGLAODIAPTOMUS.CLAVIPES,0.412799757,0.373004366,0.866666615,0.024170518,FALSE,0.422446525,trait affects abundance,0.000469772,0.724137931,0.024158508,10.03227456
22,ME,DAPHNIA.MENDOTAE.1,DAPHNIA.MENDOTAE,0.082465508,0.359320001,0.577350259,0.241566658,FALSE,0.084392654,trait affects abundance,0.000156665,0.724137931,0.024158508,10.03227456
23,ME,DAPHNIA.PULICARIA.1,DAPHNIA.PULICARIA,0.138878257,0.39435933,0.333333313,0.452370405,FALSE,0.14212372,trait affects abundance,0.000226309,0.724137931,0.024158508,10.03227456
24,ME,CYCLOPOID.1,CYCLOPOID,0.58865511,0.041173042,0.99999994,0.008534908,TRUE,0.602411462,trait affects abundance,1.48E-05,0.724137931,0.024158508,10.03227456
25,ME,DAPHNIA.1,DAPHNIA,0.54097689,0.083923953,0.99999994,0.008534908,FALSE,0.553619044,trait affects abundance,2.56E-05,0.724137931,0.024158508,10.03227456
26,ME,MESOCYCLOPS.EDAX.1,MESOCYCLOPS.EDAX,0,0.5,1,1,FALSE,0,trait affects abundance,7.12E-05,0.724137931,0.024158508,10.03227456
27,ME,CHYDORUS.1,CHYDORUS,0.324806387,0.07091678,0.99999994,0.008534908,FALSE,0.332396827,trait affects abundance,2.04E-06,0.724137931,0.024158508,10.03227456
28,ME,ACANTHOCYCLOPS.1,ACANTHOCYCLOPS,0.522613999,0.150707628,1,0.002666712,FALSE,0.534827029,trait affects abundance,4.68E-05,0.724137931,0.024158508,10.03227456
29,ME,CALANOID.1,CALANOID,0.53506678,0.052149069,1,0.002666712,FALSE,0.547570821,trait affects abundance,1.62E-05,0.724137931,0.024158508,10.03227456
30,ME,Chlamydomonas.globosa.,Chlamydomonas.globosa..1,0.946694182,0.025375569,1,0.002666712,TRUE,0.968817593,abundance affects trait,1.56E-07,0.724137931,0.024158508,10.03227456
31,ME,Cryptomonas.erosa.,Cryptomonas.erosa..1,0.769635983,0.216810872,1,0.002666712,FALSE,0.7876217,abundance affects trait,5.77E-07,0.724137931,0.024158508,10.03227456
32,ME,Aphanizomenon.flos.aquae,Aphanizomenon.flos.aquae.1,0.796956407,0.167495654,1,0.002666712,FALSE,0.815580578,abundance affects trait,6.71E-08,0.724137931,0.024158508,10.03227456
33,ME,Aphanothece.nidulans.,Aphanothece.nidulans..1,0.808010836,0.000149627,1,0.002666712,TRUE,0.826893339,abundance affects trait,1.50E-09,0.724137931,0.024158508,10.03227456
34,ME,Oscillatoria.limnetica.,Oscillatoria.limnetica..1,0.856275028,0.048398798,1,0.002666712,TRUE,0.876285423,abundance affects trait,1.16E-08,0.724137931,0.024158508,10.03227456
35,ME,Synechocystis..,Synechocystis...1,0.609882809,0.039456584,0.99999994,0.008534908,TRUE,0.624135235,abundance affects trait,1.11E-08,0.724137931,0.024158508,10.03227456
36,ME,Miscellaneous,Miscellaneous.1,0.709674974,0.068956667,0.99999994,0.008534908,FALSE,0.726259455,abundance affects trait,1.11E-08,0.724137931,0.024158508,10.03227456
37,ME,Rhodomonas.minuta.var..nannoplanctica,Rhodomonas.minuta.var..nannoplanctica.1,0.3627825,0.225192698,0.90476191,0.006863832,FALSE,0.371260408,abundance affects trait,5.84E-08,0.724137931,0.024158508,10.03227456
38,ME,Sphaerocystis.schroeteri.,Sphaerocystis.schroeteri..1,0.880081813,0.00374518,0.99999994,0.008534908,TRUE,0.900648551,abundance affects trait,1.16E-07,0.724137931,0.024158508,10.03227456
39,ME,Chlorococcaceae,Chlorococcaceae.1,0.494653487,0.111492468,0.99999994,0.008534908,FALSE,0.506213105,abundance affects trait,7.84E-08,0.724137931,0.024158508,10.03227456
40,ME,Microcystis.aeruginosa.,Microcystis.aeruginosa..1,0.903826048,0.05847233,1,0.002666712,FALSE,0.924947668,abundance affects trait,2.94E-08,0.724137931,0.024158508,10.03227456
41,ME,Schroederia.judayi.,Schroederia.judayi..1,0.699146949,0.112686648,1,0.002666712,FALSE,0.715485399,abundance affects trait,2.74E-08,0.724137931,0.024158508,10.03227456
42,ME,Anabaena.flos.aquae.,Anabaena.flos.aquae..1,0.977164524,0.000113132,1,0.002666712,TRUE,1,abundance affects trait,6.91E-08,0.724137931,0.024158508,10.03227456
43,ME,Aphanocapsa.delicatissima.,Aphanocapsa.delicatissima..1,0.395609581,0.22567982,0.99999994,0.008534908,FALSE,0.404854629,abundance affects trait,3.77E-10,0.724137931,0.024158508,10.03227456
44,ME,Coelosphaerium.naegelianum.,Coelosphaerium.naegelianum..1,0.428183227,0.043039097,0.99999994,0.008534908,TRUE,0.438189493,abundance affects trait,1.28E-08,0.724137931,0.024158508,10.03227456
45,ME,Chroococcaceae,Chroococcaceae.1,0.923379424,0.019732126,1,0.002666712,TRUE,0.94495799,abundance affects trait,3.50E-10,0.724137931,0.024158508,10.03227456
46,ME,Erkenia.subaequiciliata.,Erkenia.subaequiciliata..1,0.940505436,0.009673745,1,0.002666712,TRUE,0.962484221,abundance affects trait,4.03E-08,0.724137931,0.024158508,10.03227456
47,ME,Synechococcus.sp1.,Synechococcus.sp1..1,0.824656067,0.007194161,0.99999994,0.008534908,TRUE,0.843927555,abundance affects trait,5.36E-10,0.724137931,0.024158508,10.03227456
48,ME,DIACYCLOPS.THOMASI,DIACYCLOPS.THOMASI.1,0.236048984,0.464472666,0.619047642,0.071505427,FALSE,0.241565241,abundance affects trait,6.52E-05,0.724137931,0.024158508,10.03227456
49,ME,DIAPTOMID,DIAPTOMID.1,0.22706127,0.171477416,1,0.002666712,FALSE,0.232367493,abundance affects trait,6.53E-05,0.724137931,0.024158508,10.03227456
50,ME,AGLAODIAPTOMUS.CLAVIPES,AGLAODIAPTOMUS.CLAVIPES.1,0.633429874,0.29245598,0.599999964,0.132854939,FALSE,0.648232574,abundance affects trait,0.000469772,0.724137931,0.024158508,10.03227456
51,ME,DAPHNIA.MENDOTAE,DAPHNIA.MENDOTAE.1,0.444570454,0.182417432,0.99999994,0.008534908,FALSE,0.454959674,abundance affects trait,0.000156665,0.724137931,0.024158508,10.03227456
52,ME,DAPHNIA.PULICARIA,DAPHNIA.PULICARIA.1,0.457775728,0.047699812,1,0.002666712,TRUE,0.468473544,abundance affects trait,0.000226309,0.724137931,0.024158508,10.03227456
53,ME,CYCLOPOID,CYCLOPOID.1,0.489807419,0.18927563,0.866666615,0.024170518,FALSE,0.501253788,abundance affects trait,1.48E-05,0.724137931,0.024158508,10.03227456
54,ME,DAPHNIA,DAPHNIA.1,0.260966182,0.397530856,-0.333333343,0.36752075,FALSE,0.267064732,abundance affects trait,2.56E-05,0.724137931,0.024158508,10.03227456
55,ME,MESOCYCLOPS.EDAX,MESOCYCLOPS.EDAX.1,0.223263591,0.212148126,0.99999994,0.008534908,FALSE,0.228481065,abundance affects trait,7.12E-05,0.724137931,0.024158508,10.03227456
56,ME,CHYDORUS,CHYDORUS.1,0.603068453,0.061606547,1,0.002666712,FALSE,0.617161633,abundance affects trait,2.04E-06,0.724137931,0.024158508,10.03227456
57,ME,ACANTHOCYCLOPS,ACANTHOCYCLOPS.1,0.406160528,0.257999164,0.90476191,0.006863832,FALSE,0.415652143,abundance affects trait,4.68E-05,0.724137931,0.024158508,10.03227456
58,ME,CALANOID,CALANOID.1,0.571150582,0.045656099,1,0.002666712,TRUE,0.58449787,abundance affects trait,1.62E-05,0.724137931,0.024158508,10.03227456
1,MO,Rhodomonas.minuta.var..nannoplanctica.1,Rhodomonas.minuta.var..nannoplanctica,0.898640901,0.02460319,1,0.002666712,TRUE,0.92305528,trait affects abundance,3.52E-08,0.651162791,0.242712346,10.85724215
2,MO,Anabaena.flos.aquae..1,Anabaena.flos.aquae.,0.917084273,0.109215685,0.90476191,0.006863832,FALSE,0.941999723,trait affects abundance,6.50E-08,0.651162791,0.242712346,10.85724215
3,MO,Aphanocapsa.delicatissima..1,Aphanocapsa.delicatissima.,0.878408627,0.095794432,1,0.002666712,FALSE,0.902273332,trait affects abundance,3.71E-10,0.651162791,0.242712346,10.85724215
4,MO,Synechocystis...1,Synechocystis..,0.785315983,0.018485675,1,0.002666712,TRUE,0.806651538,trait affects abundance,1.04E-08,0.651162791,0.242712346,10.85724215
5,MO,Gymnodinium.sp3..1,Gymnodinium.sp3.,0.960216126,0.003982963,0.90476191,0.006863832,TRUE,0.986303387,trait affects abundance,1.08E-07,0.651162791,0.242712346,10.85724215
6,MO,Miscellaneous.1,Miscellaneous,0.765467229,0.177646343,0.809523821,0.016260982,FALSE,0.78626353,trait affects abundance,1.49E-08,0.651162791,0.242712346,10.85724215
7,MO,Erkenia.subaequiciliata..1,Erkenia.subaequiciliata.,0.971075656,6.78E-05,1,0.002666712,TRUE,0.99745795,trait affects abundance,3.90E-08,0.651162791,0.242712346,10.85724215
8,MO,Monoraphidium.arcuatum.1,Monoraphidium.arcuatum,0.811200253,0.059216162,1,0.002666712,FALSE,0.833239034,trait affects abundance,6.65E-08,0.651162791,0.242712346,10.85724215
9,MO,Oocystis.parva..1,Oocystis.parva.,0.82904715,0.059157185,1,0.002666712,FALSE,0.851570798,trait affects abundance,1.19E-07,0.651162791,0.242712346,10.85724215
10,MO,Quadrigula.lacustris..1,Quadrigula.lacustris.,0.594659215,0.479850771,0.523809552,0.133128524,FALSE,0.610814985,trait affects abundance,9.96E-08,0.651162791,0.242712346,10.85724215
11,MO,Schroederia.judayi..1,Schroederia.judayi.,0.668997905,0.109775417,0.90476191,0.006863832,FALSE,0.687173316,trait affects abundance,3.50E-08,0.651162791,0.242712346,10.85724215
12,MO,Cryptomonas.erosa..1,Cryptomonas.erosa.,0.85991454,0.137134009,1,0.002666712,FALSE,0.883276797,trait affects abundance,5.11E-07,0.651162791,0.242712346,10.85724215
13,MO,Rhodomonas.minuta..1,Rhodomonas.minuta.,0.893645791,0.133512777,1,0.002666712,FALSE,0.917924462,trait affects abundance,8.58E-08,0.651162791,0.242712346,10.85724215
14,MO,Stephanodiscus.niagarae..1,Stephanodiscus.niagarae.,0.856281422,0.023160008,1,0.002666712,TRUE,0.879544974,trait affects abundance,3.09E-05,0.651162791,0.242712346,10.85724215
15,MO,Chlamydomonas.globosa..1,Chlamydomonas.globosa.,0.892445275,0.046154754,1,0.002666712,TRUE,0.91669133,trait affects abundance,1.61E-07,0.651162791,0.242712346,10.85724215
16,MO,Dictyosphaerium.pulchellum..1,Dictyosphaerium.pulchellum.,0.856932289,0.061637381,1,0.002666712,FALSE,0.880213524,trait affects abundance,5.00E-08,0.651162791,0.242712346,10.85724215
17,MO,Sphaerocystis.schroeteri..1,Sphaerocystis.schroeteri.,0.540018075,0.227593942,0.809523821,0.016260982,FALSE,0.554689348,trait affects abundance,1.07E-07,0.651162791,0.242712346,10.85724215
18,MO,Aphanizomenon.flos.aquae.1,Aphanizomenon.flos.aquae,0.886534156,0.028833333,1,0.002666712,TRUE,0.910619617,trait affects abundance,6.70E-08,0.651162791,0.242712346,10.85724215
19,MO,Lyngbya.limnetica..1,Lyngbya.limnetica.,0.234658574,0.145507365,0.966091692,0.012898922,FALSE,0.241033805,trait affects abundance,3.38E-09,0.651162791,0.242712346,10.85724215
20,MO,Oscillatoria.limnetica..1,Oscillatoria.limnetica.,0.92732573,0.021699919,1,0.002666712,TRUE,0.952519421,trait affects abundance,1.01E-08,0.651162791,0.242712346,10.85724215
21,MO,Chlorococcaceae.1,Chlorococcaceae,0.190370981,0.269152327,0.809523821,0.016260982,FALSE,0.195543002,trait affects abundance,9.99E-08,0.651162791,0.242712346,10.85724215
22,MO,Aphanothece.nidulans..1,Aphanothece.nidulans.,0.948976754,0.006593581,1,0.002666712,TRUE,0.974758663,trait affects abundance,1.55E-09,0.651162791,0.242712346,10.85724215
23,MO,Chroococcaceae.1,Chroococcaceae,0.880069019,0.015402493,1,0.002666712,TRUE,0.903978835,trait affects abundance,3.58E-10,0.651162791,0.242712346,10.85724215
24,MO,Monoraphidium.capricornutum.1,Monoraphidium.capricornutum,0.948925604,0.002257914,1,0.002666712,TRUE,0.974706123,trait affects abundance,9.57E-09,0.651162791,0.242712346,10.85724215
25,MO,Microcystis.aeruginosa..1,Microcystis.aeruginosa.,0.872486572,0.149863761,0.90476191,0.006863832,FALSE,0.896190387,trait affects abundance,2.99E-08,0.651162791,0.242712346,10.85724215
26,MO,Coelosphaerium.naegelianum..1,Coelosphaerium.naegelianum.,0.380051575,0.204663091,0.866666615,0.024170518,FALSE,0.390376859,trait affects abundance,1.33E-08,0.651162791,0.242712346,10.85724215
27,MO,Phormidium.mucicola.1,Phormidium.mucicola,0.964096876,0.002936659,1,0.002666712,TRUE,0.99028957,trait affects abundance,5.47E-09,0.651162791,0.242712346,10.85724215
28,MO,Uroglena...1,Uroglena..,0.97355047,8.41E-06,1,0.002666712,TRUE,1,trait affects abundance,5.11E-08,0.651162791,0.242712346,10.85724215
29,MO,Synechococcus.sp1..1,Synechococcus.sp1.,0.806650151,0.022953984,0.99999994,0.008534908,TRUE,0.828565314,trait affects abundance,5.65E-10,0.651162791,0.242712346,10.85724215
30,MO,Cryptomonas.rostratiformis..1,Cryptomonas.rostratiformis.,0.880839376,0.018593113,1,0.002666712,TRUE,0.90477012,trait affects abundance,2.18E-06,0.651162791,0.242712346,10.85724215
31,MO,CYCLOPOID.1,CYCLOPOID,0.32474635,0.405951318,0.238095239,0.548005581,FALSE,0.333569096,trait affects abundance,1.96E-05,0.651162791,0.242712346,10.85724215
32,MO,DIACYCLOPS.THOMASI.1,DIACYCLOPS.THOMASI,0.27927299,0.230499065,1,0.002666712,FALSE,0.28686031,trait affects abundance,6.73E-05,0.651162791,0.242712346,10.85724215
33,MO,CALANOID.1,CALANOID,0.21156488,0.257962166,0.90476191,0.006863832,FALSE,0.217312699,trait affects abundance,2.23E-05,0.651162791,0.242712346,10.85724215
34,MO,DIAPTOMID.1,DIAPTOMID,0.129933465,0.281958687,0.683130026,0.04828608,FALSE,0.133463512,trait affects abundance,7.64E-05,0.651162791,0.242712346,10.85724215
35,MO,AGLAODIAPTOMUS.CLAVIPES.1,AGLAODIAPTOMUS.CLAVIPES,0.43070364,0.067407752,1,0.002666712,FALSE,0.442405045,trait affects abundance,0.000429464,0.651162791,0.242712346,10.85724215
36,MO,CHYDORUS.1,CHYDORUS,0.174107321,0.218653076,1,0.002666712,FALSE,0.178837488,trait affects abundance,2.96E-06,0.651162791,0.242712346,10.85724215
37,MO,DAPHNIA.1,DAPHNIA,0.45154615,0.313177406,0.90476191,0.006863832,FALSE,0.463813807,trait affects abundance,2.15E-05,0.651162791,0.242712346,10.85724215
38,MO,DAPHNIA.MENDOTAE.1,DAPHNIA.MENDOTAE,0.262391037,0.139894605,1,0.002666712,FALSE,0.269519707,trait affects abundance,0.000165181,0.651162791,0.242712346,10.85724215
39,MO,DAPHNIA.PULICARIA.1,DAPHNIA.PULICARIA,0.110213771,0.312535568,0.878310025,0.009809136,FALSE,0.113208071,trait affects abundance,0.000167264,0.651162791,0.242712346,10.85724215
40,MO,SINOBOSMINA.FRYEI.1,SINOBOSMINA.FRYEI,0.195527113,0.269049915,0.90476191,0.006863832,FALSE,0.200839216,trait affects abundance,4.30E-06,0.651162791,0.242712346,10.85724215
41,MO,ACANTHOCYCLOPS.1,ACANTHOCYCLOPS,0.170983499,0.227382182,1,0.002666712,FALSE,0.175628799,trait affects abundance,4.78E-05,0.651162791,0.242712346,10.85724215
42,MO,MESOCYCLOPS.EDAX.1,MESOCYCLOPS.EDAX,0.039527134,0.430682009,0.732466996,0.044502854,FALSE,0.040601012,trait affects abundance,8.00E-05,0.651162791,0.242712346,10.85724215
43,MO,DIAPHANOSOMA.BIRGEI.1,DIAPHANOSOMA.BIRGEI,0.252829842,0.397398112,0.428571433,0.229556203,FALSE,0.259698752,trait affects abundance,2.69E-05,0.651162791,0.242712346,10.85724215
44,MO,Rhodomonas.minuta.var..nannoplanctica,Rhodomonas.minuta.var..nannoplanctica.1,0.895024996,0.01087992,1,0.002666712,TRUE,0.919341138,abundance affects trait,3.52E-08,0.651162791,0.242712346,10.85724215
45,MO,Anabaena.flos.aquae.,Anabaena.flos.aquae..1,0.929321414,0.03183837,1,0.002666712,TRUE,0.954569325,abundance affects trait,6.50E-08,0.651162791,0.242712346,10.85724215
46,MO,Aphanocapsa.delicatissima.,Aphanocapsa.delicatissima..1,0.88913216,0.102890005,1,0.002666712,FALSE,0.913288204,abundance affects trait,3.71E-10,0.651162791,0.242712346,10.85724215
47,MO,Synechocystis..,Synechocystis...1,0.640853786,0.042541241,0.99999994,0.008534908,TRUE,0.658264575,abundance affects trait,1.04E-08,0.651162791,0.242712346,10.85724215
48,MO,Gymnodinium.sp3.,Gymnodinium.sp3..1,0.955736141,0.002462659,1,0.002666712,TRUE,0.981701689,abundance affects trait,1.08E-07,0.651162791,0.242712346,10.85724215
49,MO,Miscellaneous,Miscellaneous.1,0.70113832,0.260866395,1,0.002666712,FALSE,0.720186926,abundance affects trait,1.49E-08,0.651162791,0.242712346,10.85724215
50,MO,Erkenia.subaequiciliata.,Erkenia.subaequiciliata..1,0.967267007,0.00058682,1,0.002666712,TRUE,0.993545828,abundance affects trait,3.90E-08,0.651162791,0.242712346,10.85724215
51,MO,Monoraphidium.arcuatum,Monoraphidium.arcuatum.1,0.794690858,0.014099634,1,0.002666712,TRUE,0.81628111,abundance affects trait,6.65E-08,0.651162791,0.242712346,10.85724215
52,MO,Oocystis.parva.,Oocystis.parva..1,0.793216023,0.150008346,1,0.002666712,FALSE,0.814766206,abundance affects trait,1.19E-07,0.651162791,0.242712346,10.85724215
53,MO,Quadrigula.lacustris.,Quadrigula.lacustris..1,0.802894569,0.113229198,1,0.002666712,FALSE,0.824707701,abundance affects trait,9.96E-08,0.651162791,0.242712346,10.85724215
54,MO,Schroederia.judayi.,Schroederia.judayi..1,0.662347232,0.054597209,1,0.002666712,FALSE,0.680341957,abundance affects trait,3.50E-08,0.651162791,0.242712346,10.85724215
55,MO,Cryptomonas.erosa.,Cryptomonas.erosa..1,0.767054603,0.231881137,1,0.002666712,FALSE,0.78789403,abundance affects trait,5.11E-07,0.651162791,0.242712346,10.85724215
56,MO,Rhodomonas.minuta.,Rhodomonas.minuta..1,0.896976173,0.121859248,1,0.002666712,FALSE,0.921345324,abundance affects trait,8.58E-08,0.651162791,0.242712346,10.85724215
57,MO,Stephanodiscus.niagarae.,Stephanodiscus.niagarae..1,0.84591032,0.074122479,1,0.002666712,FALSE,0.868892108,abundance affects trait,3.09E-05,0.651162791,0.242712346,10.85724215
58,MO,Chlamydomonas.globosa.,Chlamydomonas.globosa..1,0.875467501,0.154003251,0.90476191,0.006863832,FALSE,0.899252302,abundance affects trait,1.61E-07,0.651162791,0.242712346,10.85724215
59,MO,Dictyosphaerium.pulchellum.,Dictyosphaerium.pulchellum..1,0.845967922,0.103935356,1,0.002666712,FALSE,0.868951275,abundance affects trait,5.00E-08,0.651162791,0.242712346,10.85724215
60,MO,Sphaerocystis.schroeteri.,Sphaerocystis.schroeteri..1,0.531758154,0.426918558,0.619047642,0.071505427,FALSE,0.54620502,abundance affects trait,1.07E-07,0.651162791,0.242712346,10.85724215
61,MO,Aphanizomenon.flos.aquae,Aphanizomenon.flos.aquae.1,0.888580595,0.001405382,1,0.002666712,TRUE,0.912721654,abundance affects trait,6.70E-08,0.651162791,0.242712346,10.85724215
62,MO,Lyngbya.limnetica.,Lyngbya.limnetica..1,0.693116368,0.014841509,1,0.002666712,TRUE,0.711947032,abundance affects trait,3.38E-09,0.651162791,0.242712346,10.85724215
63,MO,Oscillatoria.limnetica.,Oscillatoria.limnetica..1,0.933209594,0.00140552,1,0.002666712,TRUE,0.958563139,abundance affects trait,1.01E-08,0.651162791,0.242712346,10.85724215
64,MO,Chlorococcaceae,Chlorococcaceae.1,0.187682489,0.315326063,0.714285731,0.035498142,FALSE,0.192781469,abundance affects trait,9.99E-08,0.651162791,0.242712346,10.85724215
65,MO,Aphanothece.nidulans.,Aphanothece.nidulans..1,0.95027418,0.011171779,1,0.002666712,TRUE,0.976091338,abundance affects trait,1.55E-09,0.651162791,0.242712346,10.85724215
66,MO,Chroococcaceae,Chroococcaceae.1,0.866312487,0.016905171,1,0.002666712,TRUE,0.889848563,abundance affects trait,3.58E-10,0.651162791,0.242712346,10.85724215
67,MO,Monoraphidium.capricornutum,Monoraphidium.capricornutum.1,0.936066572,0.017004337,1,0.002666712,TRUE,0.961497735,abundance affects trait,9.57E-09,0.651162791,0.242712346,10.85724215
68,MO,Microcystis.aeruginosa.,Microcystis.aeruginosa..1,0.927514126,0.027495664,1,0.002666712,TRUE,0.952712936,abundance affects trait,2.99E-08,0.651162791,0.242712346,10.85724215
69,MO,Coelosphaerium.naegelianum.,Coelosphaerium.naegelianum..1,0.569364691,0.068836809,1,0.002666712,FALSE,0.584833256,abundance affects trait,1.33E-08,0.651162791,0.242712346,10.85724215
70,MO,Phormidium.mucicola,Phormidium.mucicola.1,0.963634105,0.010070515,1,0.002666712,TRUE,0.989814226,abundance affects trait,5.47E-09,0.651162791,0.242712346,10.85724215
71,MO,Uroglena..,Uroglena...1,0.956488357,0.002680568,1,0.002666712,TRUE,0.982474342,abundance affects trait,5.11E-08,0.651162791,0.242712346,10.85724215
72,MO,Synechococcus.sp1.,Synechococcus.sp1..1,0.875808905,0.022775687,1,0.002666712,TRUE,0.899602981,abundance affects trait,5.65E-10,0.651162791,0.242712346,10.85724215
73,MO,Cryptomonas.rostratiformis.,Cryptomonas.rostratiformis..1,0.830615458,0.086769249,0.90476191,0.006863832,FALSE,0.853181714,abundance affects trait,2.18E-06,0.651162791,0.242712346,10.85724215
74,MO,CYCLOPOID,CYCLOPOID.1,0.31309688,0.199748242,0.90476191,0.006863832,FALSE,0.321603132,abundance affects trait,1.96E-05,0.651162791,0.242712346,10.85724215
75,MO,DIACYCLOPS.THOMASI,DIACYCLOPS.THOMASI.1,0.186134251,0.331458582,0.523809552,0.133128524,FALSE,0.191191168,abundance affects trait,6.73E-05,0.651162791,0.242712346,10.85724215
76,MO,CALANOID,CALANOID.1,0.221519133,0.197480174,1,0.002666712,FALSE,0.22753739,abundance affects trait,2.23E-05,0.651162791,0.242712346,10.85724215
77,MO,DIAPTOMID,DIAPTOMID.1,0.181261433,0.209150599,0.975900054,0.003897905,FALSE,0.186185964,abundance affects trait,7.64E-05,0.651162791,0.242712346,10.85724215
78,MO,AGLAODIAPTOMUS.CLAVIPES,AGLAODIAPTOMUS.CLAVIPES.1,0.34420779,0.081713256,1,0.002666712,FALSE,0.353559267,abundance affects trait,0.000429464,0.651162791,0.242712346,10.85724215
79,MO,CHYDORUS,CHYDORUS.1,0.030181222,0.446971279,0.822951198,0.018663406,FALSE,0.031001189,abundance affects trait,2.96E-06,0.651162791,0.242712346,10.85724215
80,MO,DAPHNIA,DAPHNIA.1,0.161146621,0.482035237,0.047619049,1,FALSE,0.165524671,abundance affects trait,2.15E-05,0.651162791,0.242712346,10.85724215
81,MO,DAPHNIA.MENDOTAE,DAPHNIA.MENDOTAE.1,0.112743834,0.309398921,0.523809552,0.133128524,FALSE,0.115806871,abundance affects trait,0.000165181,0.651162791,0.242712346,10.85724215
82,MO,DAPHNIA.PULICARIA,DAPHNIA.PULICARIA.1,0.029401537,0.448334204,0.822951198,0.018663406,FALSE,0.030200321,abundance affects trait,0.000167264,0.651162791,0.242712346,10.85724215
83,MO,SINOBOSMINA.FRYEI,SINOBOSMINA.FRYEI.1,0.155688126,0.356508332,0.90476191,0.006863832,FALSE,0.159917879,abundance affects trait,4.30E-06,0.651162791,0.242712346,10.85724215
84,MO,ACANTHOCYCLOPS,ACANTHOCYCLOPS.1,0.049747358,0.412990144,0.732466996,0.044502854,FALSE,0.0510989,abundance affects trait,4.78E-05,0.651162791,0.242712346,10.85724215
85,MO,MESOCYCLOPS.EDAX,MESOCYCLOPS.EDAX.1,0.132157502,0.439037187,0.333333343,0.367520809,FALSE,0.135747972,abundance affects trait,8.00E-05,0.651162791,0.242712346,10.85724215
86,MO,DIAPHANOSOMA.BIRGEI,DIAPHANOSOMA.BIRGEI.1,0.124321973,0.290526974,0.809523821,0.016260982,FALSE,0.127699566,abundance affects trait,2.69E-05,0.651162791,0.242712346,10.85724215
1,AL,CYCLOPOID.1,CYCLOPOID,0.025808996,0.455794952,0.720082283,0.041493654,FALSE,0.033726162,trait affects abundance,6.58E-06,0.9,-0.036651786,11.08033331
2,AL,DIACYCLOPS.THOMASI.1,DIACYCLOPS.THOMASI,0.391069646,0.152254647,0.99999994,0.008534908,FALSE,0.511034152,trait affects abundance,2.38E-05,0.9,-0.036651786,11.08033331
3,AL,TROPOCYCLOPS.PRASINUS.MEXICANUS.1,TROPOCYCLOPS.PRASINUS.MEXICANUS,0.297991914,0.170225457,0.866666615,0.024170518,FALSE,0.3894039,trait affects abundance,7.84E-06,0.9,-0.036651786,11.08033331
4,AL,SKISTODIAPTOMUS.OREGONENSIS.1,SKISTODIAPTOMUS.OREGONENSIS,0.368804197,0.252032957,0.599999964,0.132854939,FALSE,0.481938555,trait affects abundance,0.000105017,0.9,-0.036651786,11.08033331
5,AL,BOSMINIDAE.1,BOSMINIDAE,0.025878278,0.455676723,0.592156529,0.128275275,FALSE,0.033816697,trait affects abundance,1.29E-06,0.9,-0.036651786,11.08033331
6,AL,MESOCYCLOPS.EDAX.1,MESOCYCLOPS.EDAX,0.373258619,0.098527756,1,0.002666712,FALSE,0.487759415,trait affects abundance,2.81E-05,0.9,-0.036651786,11.08033331
7,AL,DAPHNIA.1,DAPHNIA,0.644225927,0.189090169,0.99999994,0.008534908,FALSE,0.841848642,trait affects abundance,1.14E-05,0.9,-0.036651786,11.08033331
8,AL,DAPHNIA.MENDOTAE.1,DAPHNIA.MENDOTAE,0.508394532,0.038995584,1,0.002666712,TRUE,0.664349615,trait affects abundance,9.11E-05,0.9,-0.036651786,11.08033331
9,AL,DAPHNIA.PULICARIA.1,DAPHNIA.PULICARIA,0.337748984,0.249178965,1,0.002666712,FALSE,0.441356846,trait affects abundance,0.000133769,0.9,-0.036651786,11.08033331
10,AL,CALANOID.1,CALANOID,0.242051002,0.222186043,1,0.002666712,FALSE,0.316302556,trait affects abundance,1.42E-05,0.9,-0.036651786,11.08033331
11,AL,CYCLOPOID,CYCLOPOID.1,0.147815645,0.26093313,0.866666615,0.024170518,FALSE,0.193159565,abundance affects trait,6.58E-06,0.9,-0.036651786,11.08033331
12,AL,DIACYCLOPS.THOMASI,DIACYCLOPS.THOMASI.1,0.321205719,0.225729625,0.90476191,0.006863832,FALSE,0.41973877,abundance affects trait,2.38E-05,0.9,-0.036651786,11.08033331
13,AL,TROPOCYCLOPS.PRASINUS.MEXICANUS,TROPOCYCLOPS.PRASINUS.MEXICANUS.1,0.04628315,0.421047798,0.89442718,0.026772738,FALSE,0.060480967,abundance affects trait,7.84E-06,0.9,-0.036651786,11.08033331
14,AL,SKISTODIAPTOMUS.OREGONENSIS,SKISTODIAPTOMUS.OREGONENSIS.1,0.354001303,0.1787047,0.99999994,0.008534908,FALSE,0.462594726,abundance affects trait,0.000105017,0.9,-0.036651786,11.08033331
15,AL,BOSMINIDAE,BOSMINIDAE.1,0.108058432,0.320393516,0.99999994,0.008534908,FALSE,0.141206432,abundance affects trait,1.29E-06,0.9,-0.036651786,11.08033331
16,AL,MESOCYCLOPS.EDAX,MESOCYCLOPS.EDAX.1,0.007264099,0.487537227,0.723746836,0.057279348,FALSE,0.009492434,abundance affects trait,2.81E-05,0.9,-0.036651786,11.08033331
17,AL,DAPHNIA,DAPHNIA.1,0.76525149,0.078888839,1,0.002666712,FALSE,1,abundance affects trait,1.14E-05,0.9,-0.036651786,11.08033331
18,AL,DAPHNIA.MENDOTAE,DAPHNIA.MENDOTAE.1,0.478193262,0.102636327,1,0.002666712,FALSE,0.624883805,abundance affects trait,9.11E-05,0.9,-0.036651786,11.08033331
19,AL,DAPHNIA.PULICARIA,DAPHNIA.PULICARIA.1,0.313660423,0.418424858,0.619047642,0.071505427,FALSE,0.40987888,abundance affects trait,0.000133769,0.9,-0.036651786,11.08033331
20,AL,CALANOID,CALANOID.1,0.256252703,0.261115314,0.866666615,0.024170518,FALSE,0.33486077,abundance affects trait,1.42E-05,0.9,-0.036651786,11.08033331
1,BM,COPEPOD.NAUPLII.1,COPEPOD.NAUPLII,0.283194807,0.129738738,1,0.027486324,FALSE,0.307121167,trait affects abundance,4.01E-07,0.931034483,0.127347174,9.441368417
2,BM,DIACYCLOPS.THOMASI.1,DIACYCLOPS.THOMASI,0,0.5,1,1,FALSE,0,trait affects abundance,1.63E-05,0.931034483,0.127347174,9.441368417
3,BM,MESOCYCLOPS.EDAX.1,MESOCYCLOPS.EDAX,0.179748396,0.340160962,1,0.027486324,FALSE,0.194934849,trait affects abundance,1.14E-05,0.931034483,0.127347174,9.441368417
4,BM,SKISTODIAPTOMUS.OREGONENSIS.1,SKISTODIAPTOMUS.OREGONENSIS,0.734790574,0.153156637,1,0.027486324,FALSE,0.796871033,trait affects abundance,5.90E-05,0.931034483,0.127347174,9.441368417
5,BM,BOSMINIDAE.1,BOSMINIDAE,0.134665766,0.431557723,0.333333313,0.734095216,FALSE,0.146043311,trait affects abundance,2.05E-06,0.931034483,0.127347174,9.441368417
6,BM,CHYDORUS.1,CHYDORUS,0.325294867,0.36682099,0.800000012,0.086410761,FALSE,0.352778147,trait affects abundance,3.75E-07,0.931034483,0.127347174,9.441368417
7,BM,ASPLANCHNA.1,ASPLANCHNA,0.466438238,0.165165185,0.866666615,0.024170518,FALSE,0.505846338,trait affects abundance,1.82E-06,0.931034483,0.127347174,9.441368417
8,BM,CONOCHILUS.1,CONOCHILUS,0.094975348,0.398529577,1,0.027486324,FALSE,0.102999557,trait affects abundance,1.40E-08,0.931034483,0.127347174,9.441368417
9,BM,KELLICOTTIA.LONGISPINA.1,KELLICOTTIA.LONGISPINA,0.122604435,0.316593517,0.800000012,0.086410761,FALSE,0.132962951,trait affects abundance,2.02E-07,0.931034483,0.127347174,9.441368417
10,BM,KERATELLA.COCHLEARIS.1,KERATELLA.COCHLEARIS,0.245924889,0.165427609,0.836660028,0.096092343,FALSE,0.266702415,trait affects abundance,6.74E-08,0.931034483,0.127347174,9.441368417
11,BM,KERATELLA.EARLINAE.1,KERATELLA.EARLINAE,0.344221237,0.302131603,0.800000012,0.086410761,FALSE,0.373303554,trait affects abundance,9.34E-08,0.931034483,0.127347174,9.441368417
12,BM,KERATELLA.QUADRATA.1,KERATELLA.QUADRATA,0.18143741,0.264662487,1,0.027486324,FALSE,0.196766564,trait affects abundance,1.34E-07,0.931034483,0.127347174,9.441368417
13,BM,LECANE.INERMIS.1,LECANE.INERMIS,0.88166371,0.146324878,1,0.027486324,FALSE,0.956153081,trait affects abundance,5.05E-09,0.931034483,0.127347174,9.441368417
14,BM,POLYARTHRA.VULGARIS.1,POLYARTHRA.VULGARIS,0,0.5,1,1,FALSE,0,trait affects abundance,1.06E-07,0.931034483,0.127347174,9.441368417
15,BM,TROPOCYCLOPS.PRASINUS.MEXICANUS.1,TROPOCYCLOPS.PRASINUS.MEXICANUS,0.590923174,0.046515836,1,0.027486324,TRUE,0.640848668,trait affects abundance,5.47E-06,0.931034483,0.127347174,9.441368417
16,BM,DAPHNIA.MENDOTAE.1,DAPHNIA.MENDOTAE,0.743207812,0.151970445,1,0.027486324,FALSE,0.805999421,trait affects abundance,4.52E-05,0.931034483,0.127347174,9.441368417
17,BM,HOLOPEDIUM.GIBBERUM.1,HOLOPEDIUM.GIBBERUM,0.841746856,0.008806522,1,0.027486324,TRUE,0.912863761,trait affects abundance,4.79E-06,0.931034483,0.127347174,9.441368417
18,BM,KERATELLA.CRASSA.1,KERATELLA.CRASSA,0.276421361,0.151937203,1,0.027486324,FALSE,0.29977545,trait affects abundance,1.27E-07,0.931034483,0.127347174,9.441368417
19,BM,SYNCHAETA.1,SYNCHAETA,0.058928094,0.442869763,0.400000006,0.462432742,FALSE,0.063906769,trait affects abundance,2.37E-07,0.931034483,0.127347174,9.441368417
20,BM,POLYARTHRA.REMATA.1,POLYARTHRA.REMATA,0.147086812,0.28304241,0.836660028,0.096092343,FALSE,0.159513778,trait affects abundance,4.00E-08,0.931034483,0.127347174,9.441368417
21,BM,KERATELLA.HIEMALIS.1,KERATELLA.HIEMALIS,0.87227855,0.109679131,0.99999994,0.008534908,FALSE,0.945974995,trait affects abundance,3.90E-08,0.931034483,0.127347174,9.441368417
22,BM,DAPHNIA.PULICARIA.1,DAPHNIA.PULICARIA,0.406830028,0.175566679,1,0.027486324,FALSE,0.441201992,trait affects abundance,0.000154938,0.931034483,0.127347174,9.441368417
23,BM,GASTROPUS.STYLIFER.1,GASTROPUS.STYLIFER,0.499572603,0.216671738,1,0.027486324,FALSE,0.541780135,trait affects abundance,4.26E-08,0.931034483,0.127347174,9.441368417
24,BM,POLYARTHRA.DOLICHOPTERA.1,POLYARTHRA.DOLICHOPTERA,0.358252352,0.07326443,1,0.027486324,FALSE,0.38852012,trait affects abundance,2.45E-08,0.931034483,0.127347174,9.441368417
25,BM,LEPTODIAPTOMUS.MINUTUS.1,LEPTODIAPTOMUS.MINUTUS,0.765816747,0.206915307,1,0.027486324,FALSE,0.830518524,trait affects abundance,6.42E-06,0.931034483,0.127347174,9.441368417
26,BM,KERATELLA.TAUROCEPHALA.1,KERATELLA.TAUROCEPHALA,0.811296868,0.105344994,1,0.027486324,FALSE,0.879841137,trait affects abundance,4.29E-08,0.931034483,0.127347174,9.441368417
27,BM,GASTROPUS.HYPTOPUS.1,GASTROPUS.HYPTOPUS,0.147823496,0.364808779,1,0.027486324,FALSE,0.160312702,trait affects abundance,2.68E-08,0.931034483,0.127347174,9.441368417
28,BM,DIAPHANOSOMA.BIRGEI.1,DIAPHANOSOMA.BIRGEI,0.447494232,0.149017065,1,0.027486324,FALSE,0.485301804,trait affects abundance,3.84E-06,0.931034483,0.127347174,9.441368417
29,BM,TRICHOCERCA.BIROSTRIS.1,TRICHOCERCA.BIROSTRIS,0.786241549,0.26220734,0.73333329,0.060289145,FALSE,0.852668962,trait affects abundance,1.43E-08,0.931034483,0.127347174,9.441368417
30,BM,COPEPOD.NAUPLII,COPEPOD.NAUPLII.1,0,0.5,1,1,FALSE,0,abundance affects trait,4.01E-07,0.931034483,0.127347174,9.441368417
31,BM,DIACYCLOPS.THOMASI,DIACYCLOPS.THOMASI.1,0.24651917,0.259288692,1,0.027486324,FALSE,0.267346905,abundance affects trait,1.63E-05,0.931034483,0.127347174,9.441368417
32,BM,MESOCYCLOPS.EDAX,MESOCYCLOPS.EDAX.1,0.263626652,0.375870399,0.800000012,0.086410761,FALSE,0.285899752,abundance affects trait,1.14E-05,0.931034483,0.127347174,9.441368417
33,BM,SKISTODIAPTOMUS.OREGONENSIS,SKISTODIAPTOMUS.OREGONENSIS.1,0.560949158,0.24339188,1,0.027486324,FALSE,0.608342228,abundance affects trait,5.90E-05,0.931034483,0.127347174,9.441368417
34,BM,BOSMINIDAE,BOSMINIDAE.1,0.477068138,0.108509639,0.99999994,0.008534908,FALSE,0.517374329,abundance affects trait,2.05E-06,0.931034483,0.127347174,9.441368417
35,BM,CHYDORUS,CHYDORUS.1,0.530934197,0.267425197,0.99999994,0.008534908,FALSE,0.575791385,abundance affects trait,3.75E-07,0.931034483,0.127347174,9.441368417
36,BM,ASPLANCHNA,ASPLANCHNA.1,0.53022779,0.220595915,1,0.027486324,FALSE,0.575025295,abundance affects trait,1.82E-06,0.931034483,0.127347174,9.441368417
37,BM,CONOCHILUS,CONOCHILUS.1,0,0.5,1,1,FALSE,0,abundance affects trait,1.40E-08,0.931034483,0.127347174,9.441368417
38,BM,KELLICOTTIA.LONGISPINA,KELLICOTTIA.LONGISPINA.1,0.089979168,0.363382171,0.948683262,0.04326272,FALSE,0.097581263,abundance affects trait,2.02E-07,0.931034483,0.127347174,9.441368417
39,BM,KERATELLA.COCHLEARIS,KERATELLA.COCHLEARIS.1,0.382681709,0.173375364,1,0.027486324,FALSE,0.415013447,abundance affects trait,6.74E-08,0.931034483,0.127347174,9.441368417
40,BM,KERATELLA.EARLINAE,KERATELLA.EARLINAE.1,0.42945923,0.138923032,1,0.027486324,FALSE,0.465743073,abundance affects trait,9.34E-08,0.931034483,0.127347174,9.441368417
41,BM,KERATELLA.QUADRATA,KERATELLA.QUADRATA.1,0.44973722,0.052389061,0.99999994,0.008534908,FALSE,0.487734296,abundance affects trait,1.34E-07,0.931034483,0.127347174,9.441368417
42,BM,LECANE.INERMIS,LECANE.INERMIS.1,0.838013303,0.137073049,1,0.027486324,FALSE,0.908814771,abundance affects trait,5.05E-09,0.931034483,0.127347174,9.441368417
43,BM,POLYARTHRA.VULGARIS,POLYARTHRA.VULGARIS.1,0,0.5,1,1,FALSE,0,abundance affects trait,1.06E-07,0.931034483,0.127347174,9.441368417
44,BM,TROPOCYCLOPS.PRASINUS.MEXICANUS,TROPOCYCLOPS.PRASINUS.MEXICANUS.1,0.610598765,0.126336278,1,0.027486324,FALSE,0.662186596,abundance affects trait,5.47E-06,0.931034483,0.127347174,9.441368417
45,BM,DAPHNIA.MENDOTAE,DAPHNIA.MENDOTAE.1,0.681967043,0.341378293,1,0.027486324,FALSE,0.739584585,abundance affects trait,4.52E-05,0.931034483,0.127347174,9.441368417
46,BM,HOLOPEDIUM.GIBBERUM,HOLOPEDIUM.GIBBERUM.1,0.88126828,0.191003936,0.99999994,0.008534908,FALSE,0.955724243,abundance affects trait,4.79E-06,0.931034483,0.127347174,9.441368417
47,BM,KERATELLA.CRASSA,KERATELLA.CRASSA.1,0.229043849,0.322669538,1,0.027486324,FALSE,0.248395141,abundance affects trait,1.27E-07,0.931034483,0.127347174,9.441368417
48,BM,SYNCHAETA,SYNCHAETA.1,0.091935321,0.478813341,-0.333333313,0.452370346,FALSE,0.099702687,abundance affects trait,2.37E-07,0.931034483,0.127347174,9.441368417
49,BM,POLYARTHRA.REMATA,POLYARTHRA.REMATA.1,0.181637534,0.365913002,0.866666615,0.024170518,FALSE,0.196983596,abundance affects trait,4.00E-08,0.931034483,0.127347174,9.441368417
50,BM,KERATELLA.HIEMALIS,KERATELLA.HIEMALIS.1,0.738340173,0.164849727,1,0.027486324,FALSE,0.800720529,abundance affects trait,3.90E-08,0.931034483,0.127347174,9.441368417
51,BM,DAPHNIA.PULICARIA,DAPHNIA.PULICARIA.1,0.423432114,0.191220305,1,0.027486324,FALSE,0.459206743,abundance affects trait,0.000154938,0.931034483,0.127347174,9.441368417
52,BM,GASTROPUS.STYLIFER,GASTROPUS.STYLIFER.1,0.434856037,0.219787838,1,0.027486324,FALSE,0.471595842,abundance affects trait,4.26E-08,0.931034483,0.127347174,9.441368417
53,BM,POLYARTHRA.DOLICHOPTERA,POLYARTHRA.DOLICHOPTERA.1,0.597894963,0.059660555,1,0.027486324,FALSE,0.648409484,abundance affects trait,2.45E-08,0.931034483,0.127347174,9.441368417
54,BM,LEPTODIAPTOMUS.MINUTUS,LEPTODIAPTOMUS.MINUTUS.1,0.835580361,0.074555803,1,0.027486324,FALSE,0.906176276,abundance affects trait,6.42E-06,0.931034483,0.127347174,9.441368417
55,BM,KERATELLA.TAUROCEPHALA,KERATELLA.TAUROCEPHALA.1,0.922094722,0.000359609,1,0.027486324,TRUE,1,abundance affects trait,4.29E-08,0.931034483,0.127347174,9.441368417
56,BM,GASTROPUS.HYPTOPUS,GASTROPUS.HYPTOPUS.1,0.548965465,0.148696537,1,0.027486324,FALSE,0.595346066,abundance affects trait,2.68E-08,0.931034483,0.127347174,9.441368417
57,BM,DIAPHANOSOMA.BIRGEI,DIAPHANOSOMA.BIRGEI.1,0.438496095,0.394237662,0.599999964,0.132854939,FALSE,0.475543439,abundance affects trait,3.84E-06,0.931034483,0.127347174,9.441368417
58,BM,TRICHOCERCA.BIROSTRIS,TRICHOCERCA.BIROSTRIS.1,0.748424152,0.220682113,1,0.027486324,FALSE,0.811656475,abundance affects trait,1.43E-08,0.931034483,0.127347174,9.441368417
1,CB,TROPOCYCLOPS.PRASINUS.MEXICANUS.1,TROPOCYCLOPS.PRASINUS.MEXICANUS,0.584495169,0.147418203,0.714285731,0.035498142,FALSE,0.967219804,trait affects abundance,2.83E-06,1,0.087648809,10.9588483
2,CB,CHYDORUS.1,CHYDORUS,0.254350858,0.170557317,1,0.002666712,FALSE,0.42089858,trait affects abundance,8.06E-07,1,0.087648809,10.9588483
3,CB,MESOCYCLOPS.EDAX.1,MESOCYCLOPS.EDAX,0.200735446,0.178426079,0.925820053,0.007680297,FALSE,0.332176053,trait affects abundance,6.36E-05,1,0.087648809,10.9588483
4,CB,DAPHNIA.PULICARIA.1,DAPHNIA.PULICARIA,0.381392568,0.433309862,0.809523821,0.016260982,FALSE,0.631126593,trait affects abundance,4.02E-05,1,0.087648809,10.9588483
5,CB,BOSMINIDAE.1,BOSMINIDAE,0.241283079,0.328679194,0.428571433,0.229556203,FALSE,0.399274082,trait affects abundance,2.79E-06,1,0.087648809,10.9588483
6,CB,CYCLOPOID.1,CYCLOPOID,0.485617545,0.170315945,1.000000119,0.000836611,FALSE,0.803597585,trait affects abundance,7.35E-06,1,0.087648809,10.9588483
7,CB,HOLOPEDIUM.GIBBERUM.1,HOLOPEDIUM.GIBBERUM,0.604304386,0.103697042,1,0.002666712,FALSE,1,trait affects abundance,1.16E-05,1,0.087648809,10.9588483
8,CB,DIACYCLOPS.THOMASI.1,DIACYCLOPS.THOMASI,0.215102949,0.16124054,0.975900054,0.003897905,FALSE,0.355951328,trait affects abundance,6.32E-06,1,0.087648809,10.9588483
9,CB,TROPOCYCLOPS.PRASINUS.MEXICANUS,TROPOCYCLOPS.PRASINUS.MEXICANUS.1,0.55431815,0.098212741,1,0.002666712,FALSE,0.917283018,abundance affects trait,2.83E-06,1,0.087648809,10.9588483
10,CB,CHYDORUS,CHYDORUS.1,0.195525902,0.212611649,1,0.002666712,FALSE,0.323555325,abundance affects trait,8.06E-07,1,0.087648809,10.9588483
11,CB,MESOCYCLOPS.EDAX,MESOCYCLOPS.EDAX.1,0,0.5,1,1,FALSE,0,abundance affects trait,6.36E-05,1,0.087648809,10.9588483
12,CB,DAPHNIA.PULICARIA,DAPHNIA.PULICARIA.1,0.588814252,0.094013442,1,0.002666712,FALSE,0.974367001,abundance affects trait,4.02E-05,1,0.087648809,10.9588483
13,CB,BOSMINIDAE,BOSMINIDAE.1,0.198047992,0.31326055,0.928571463,0.001981735,FALSE,0.327728868,abundance affects trait,2.79E-06,1,0.087648809,10.9588483
14,CB,CYCLOPOID,CYCLOPOID.1,0.479448238,0.190965291,0.857142925,0.00443399,FALSE,0.793388646,abundance affects trait,7.35E-06,1,0.087648809,10.9588483
15,CB,HOLOPEDIUM.GIBBERUM,HOLOPEDIUM.GIBBERUM.1,0.539001747,0.143989339,0.928571463,0.001981735,FALSE,0.891937507,abundance affects trait,1.16E-05,1,0.087648809,10.9588483
16,CB,DIACYCLOPS.THOMASI,DIACYCLOPS.THOMASI.1,0.455379102,0.083273504,1,0.002666712,FALSE,0.753559154,abundance affects trait,6.32E-06,1,0.087648809,10.9588483
1,CR,COPEPOD.NAUPLII.1,COPEPOD.NAUPLII,0.45954806,0.044127231,1,0.027486324,TRUE,0.593583354,trait affects abundance,6.53E-07,0.956521739,0.091875,9.014185067
2,CR,DIACYCLOPS.THOMASI.1,DIACYCLOPS.THOMASI,0,0.5,1,1,FALSE,0,trait affects abundance,2.21E-05,0.956521739,0.091875,9.014185067
3,CR,LEPTODIAPTOMUS.MINUTUS.1,LEPTODIAPTOMUS.MINUTUS,0,0.5,1,1,FALSE,0,trait affects abundance,4.22E-05,0.956521739,0.091875,9.014185067
4,CR,GASTROPUS.1,GASTROPUS,0.431129702,0.304909673,0.800000012,0.086410761,FALSE,0.556876281,trait affects abundance,2.76E-08,0.956521739,0.091875,9.014185067
5,CR,KELLICOTTIA.LONGISPINA.1,KELLICOTTIA.LONGISPINA,0.326132591,0.081410239,1,0.027486324,FALSE,0.421254911,trait affects abundance,1.92E-07,0.956521739,0.091875,9.014185067
6,CR,KERATELLA.HIEMALIS.1,KERATELLA.HIEMALIS,0.675609395,0.160517957,0.99999994,0.008534908,FALSE,0.872662787,trait affects abundance,6.48E-08,0.956521739,0.091875,9.014185067
7,CR,POLYARTHRA.REMATA.1,POLYARTHRA.REMATA,0,0.5,-0.115470044,1,FALSE,0,trait affects abundance,7.20E-08,0.956521739,0.091875,9.014185067
8,CR,POLYARTHRA.VULGARIS.1,POLYARTHRA.VULGARIS,0.026136426,0.457082013,0.745356023,0.069967389,FALSE,0.033759575,trait affects abundance,8.27E-08,0.956521739,0.091875,9.014185067
9,CR,SYNCHAETA.1,SYNCHAETA,0.577711945,0.182660248,0.99999994,0.008534908,FALSE,0.74621182,trait affects abundance,1.64E-07,0.956521739,0.091875,9.014185067
10,CR,CHYDORUS.1,CHYDORUS,0.081205693,0.493249826,-0.333333313,0.452370346,FALSE,0.104890765,trait affects abundance,2.55E-06,0.956521739,0.091875,9.014185067
11,CR,DAPHNIA.MENDOTAE.1,DAPHNIA.MENDOTAE,0.210217697,0.209968347,1,0.027486324,FALSE,0.271531395,trait affects abundance,3.46E-05,0.956521739,0.091875,9.014185067
12,CR,CONOCHILUS.1,CONOCHILUS,0.113716141,0.424657464,-0.866666615,0.024170551,FALSE,0.146883459,trait affects abundance,3.76E-08,0.956521739,0.091875,9.014185067
13,CR,KERATELLA.COCHLEARIS.1,KERATELLA.COCHLEARIS,0.272956874,0.141289699,0.99999994,0.008534908,FALSE,0.352569559,trait affects abundance,8.85E-08,0.956521739,0.091875,9.014185067
14,CR,KERATELLA.TAUROCEPHALA.1,KERATELLA.TAUROCEPHALA,0,0.441916378,-0.690065503,0.085167907,FALSE,0,trait affects abundance,1.28E-07,0.956521739,0.091875,9.014185067
15,CR,POLYARTHRA.MAJOR.1,POLYARTHRA.MAJOR,0.656763557,0.086382298,0.99999994,0.008534908,FALSE,0.848320228,trait affects abundance,1.12E-07,0.956521739,0.091875,9.014185067
16,CR,ASCOMORPHA.1,ASCOMORPHA,0.646752736,0.233963277,0.99999994,0.008534908,FALSE,0.835389575,trait affects abundance,7.80E-08,0.956521739,0.091875,9.014185067
17,CR,DIAPHANOSOMA.BIRGEI.1,DIAPHANOSOMA.BIRGEI,0.101748409,0.336886222,0.99999994,0.008534908,FALSE,0.131425127,trait affects abundance,8.39E-06,0.956521739,0.091875,9.014185067
18,CR,POLYARTHRA.DOLICHOPTERA.1,POLYARTHRA.DOLICHOPTERA,0.086026492,0.478731306,0.466666639,0.25965631,FALSE,0.111117635,trait affects abundance,1.11E-07,0.956521739,0.091875,9.014185067
19,CR,BOSMINIDAE.1,BOSMINIDAE,0.00134866,0.497781625,0.577350259,0.241566658,FALSE,0.00174202,trait affects abundance,3.89E-06,0.956521739,0.091875,9.014185067
20,CR,CONOCHILOIDES.1,CONOCHILOIDES,0,0.5,1,1,FALSE,0,trait affects abundance,5.71E-08,0.956521739,0.091875,9.014185067
21,CR,TRICHOCERCA.BIROSTRIS.1,TRICHOCERCA.BIROSTRIS,0.212596152,0.186697389,0.99999994,0.008534908,FALSE,0.274603568,trait affects abundance,5.79E-08,0.956521739,0.091875,9.014185067
22,CR,UNKNOWN.ROTIFER.1,UNKNOWN.ROTIFER,0.345132983,0.282999419,0.599999964,0.132854939,FALSE,0.445797103,trait affects abundance,2.62E-08,0.956521739,0.091875,9.014185067
23,CR,KELLICOTTIA.BOSTONIENSIS.1,KELLICOTTIA.BOSTONIENSIS,0,0.5,1,1,FALSE,0,trait affects abundance,9.48E-08,0.956521739,0.091875,9.014185067
24,CR,COPEPOD.NAUPLII,COPEPOD.NAUPLII.1,0,0.5,1,1,FALSE,0,abundance affects trait,6.53E-07,0.956521739,0.091875,9.014185067
25,CR,DIACYCLOPS.THOMASI,DIACYCLOPS.THOMASI.1,0.237658084,0.158899898,1,0.027486324,FALSE,0.306975255,abundance affects trait,2.21E-05,0.956521739,0.091875,9.014185067
26,CR,LEPTODIAPTOMUS.MINUTUS,LEPTODIAPTOMUS.MINUTUS.1,0,0.5,1,1,FALSE,0,abundance affects trait,4.22E-05,0.956521739,0.091875,9.014185067
27,CR,GASTROPUS,GASTROPUS.1,0.342814041,0.24427973,0.800000012,0.086410761,FALSE,0.4428018,abundance affects trait,2.76E-08,0.956521739,0.091875,9.014185067
28,CR,KELLICOTTIA.LONGISPINA,KELLICOTTIA.LONGISPINA.1,0.005083974,0.491638007,0.577350259,0.241566658,FALSE,0.006566805,abundance affects trait,1.92E-07,0.956521739,0.091875,9.014185067
29,CR,KERATELLA.HIEMALIS,KERATELLA.HIEMALIS.1,0.77419297,0.0529513,0.99999994,0.008534908,FALSE,1,abundance affects trait,6.48E-08,0.956521739,0.091875,9.014185067
30,CR,POLYARTHRA.REMATA,POLYARTHRA.REMATA.1,0.293938182,0.155820393,0.99999994,0.008534908,FALSE,0.379670435,abundance affects trait,7.20E-08,0.956521739,0.091875,9.014185067
31,CR,POLYARTHRA.VULGARIS,POLYARTHRA.VULGARIS.1,0.645500046,0.060805646,0.99999994,0.008534908,FALSE,0.833771516,abundance affects trait,8.27E-08,0.956521739,0.091875,9.014185067
32,CR,SYNCHAETA,SYNCHAETA.1,0.497562475,0.292367609,0.99999994,0.008534908,FALSE,0.642685344,abundance affects trait,1.64E-07,0.956521739,0.091875,9.014185067
33,CR,CHYDORUS,CHYDORUS.1,0.33164111,0.211562035,1,0.027486324,FALSE,0.428370087,abundance affects trait,2.55E-06,0.956521739,0.091875,9.014185067
34,CR,DAPHNIA.MENDOTAE,DAPHNIA.MENDOTAE.1,0.409469294,0.154721538,1,0.027486324,FALSE,0.528898233,abundance affects trait,3.46E-05,0.956521739,0.091875,9.014185067
35,CR,CONOCHILUS,CONOCHILUS.1,0.509881161,0.175230006,0.866666615,0.024170518,FALSE,0.658596991,abundance affects trait,3.76E-08,0.956521739,0.091875,9.014185067
36,CR,KERATELLA.COCHLEARIS,KERATELLA.COCHLEARIS.1,0.296029341,0.195996924,0.99999994,0.008534908,FALSE,0.382371518,abundance affects trait,8.85E-08,0.956521739,0.091875,9.014185067
37,CR,KERATELLA.TAUROCEPHALA,KERATELLA.TAUROCEPHALA.1,0.168983115,0.240877383,0.99999994,0.008534908,FALSE,0.218270019,abundance affects trait,1.28E-07,0.956521739,0.091875,9.014185067
38,CR,POLYARTHRA.MAJOR,POLYARTHRA.MAJOR.1,0.231898854,0.318621162,0.800000012,0.086410761,FALSE,0.299536244,abundance affects trait,1.12E-07,0.956521739,0.091875,9.014185067
39,CR,ASCOMORPHA,ASCOMORPHA.1,0.460159703,0.193998105,0.99999994,0.008534908,FALSE,0.594373394,abundance affects trait,7.80E-08,0.956521739,0.091875,9.014185067
40,CR,DIAPHANOSOMA.BIRGEI,DIAPHANOSOMA.BIRGEI.1,0.281947184,0.347311306,0.99999994,0.008534908,FALSE,0.364182052,abundance affects trait,8.39E-06,0.956521739,0.091875,9.014185067
41,CR,POLYARTHRA.DOLICHOPTERA,POLYARTHRA.DOLICHOPTERA.1,0.36927081,0.219681833,1,0.027486324,FALSE,0.476975153,abundance affects trait,1.11E-07,0.956521739,0.091875,9.014185067
42,CR,BOSMINIDAE,BOSMINIDAE.1,0.131873882,0.292218497,0.99999994,0.008534908,FALSE,0.170337224,abundance affects trait,3.89E-06,0.956521739,0.091875,9.014185067
43,CR,CONOCHILOIDES,CONOCHILOIDES.1,0.222826077,0.285124462,0.99999994,0.008534908,FALSE,0.287817232,abundance affects trait,5.71E-08,0.956521739,0.091875,9.014185067
44,CR,TRICHOCERCA.BIROSTRIS,TRICHOCERCA.BIROSTRIS.1,0.137222497,0.482475164,0.066666663,1,FALSE,0.177245858,abundance affects trait,5.79E-08,0.956521739,0.091875,9.014185067
45,CR,UNKNOWN.ROTIFER,UNKNOWN.ROTIFER.1,0.11572967,0.4593233,-0.466666639,0.25965631,FALSE,0.149484268,abundance affects trait,2.62E-08,0.956521739,0.091875,9.014185067
46,CR,KELLICOTTIA.BOSTONIENSIS,KELLICOTTIA.BOSTONIENSIS.1,0,0.5,1,1,FALSE,0,abundance affects trait,9.48E-08,0.956521739,0.091875,9.014185067
1,SP,COPEPOD.NAUPLII.1,COPEPOD.NAUPLII,0.290177662,0.32080951,0.400000006,0.462432742,FALSE,0.331361049,trait affects abundance,5.24E-07,0.894736842,0.084433369,8.35896884
2,SP,DIACYCLOPS.THOMASI.1,DIACYCLOPS.THOMASI,0.128729503,0.492554812,-0.333333313,0.452370346,FALSE,0.146999403,trait affects abundance,1.01E-05,0.894736842,0.084433369,8.35896884
3,SP,LEPTODIAPTOMUS.MINUTUS.1,LEPTODIAPTOMUS.MINUTUS,0.639356283,0.091957081,0.99999994,0.008534908,FALSE,0.730096752,trait affects abundance,1.37E-05,0.894736842,0.084433369,8.35896884
4,SP,DAPHNIA.LONGIREMIS.1,DAPHNIA.LONGIREMIS,0.726644121,0.080024849,0.866666615,0.024170518,FALSE,0.829772893,trait affects abundance,1.40E-05,0.894736842,0.084433369,8.35896884
5,SP,ASPLANCHNA.1,ASPLANCHNA,0.589152413,0.097690625,0.99999994,0.008534908,FALSE,0.672767712,trait affects abundance,1.54E-06,0.894736842,0.084433369,8.35896884
6,SP,KELLICOTTIA.LONGISPINA.1,KELLICOTTIA.LONGISPINA,0.204723179,0.452176422,0.599999964,0.132854939,FALSE,0.233778462,trait affects abundance,1.68E-07,0.894736842,0.084433369,8.35896884
7,SP,KERATELLA.COCHLEARIS.1,KERATELLA.COCHLEARIS,0.358486122,0.157804505,1,0.027486324,FALSE,0.409364169,trait affects abundance,6.73E-08,0.894736842,0.084433369,8.35896884
8,SP,KERATELLA.QUADRATA.1,KERATELLA.QUADRATA,0.642826927,0.347343887,0.866666615,0.024170518,FALSE,0.734059967,trait affects abundance,1.39E-07,0.894736842,0.084433369,8.35896884
9,SP,POLYARTHRA.VULGARIS.1,POLYARTHRA.VULGARIS,0.315864423,0.315551084,0.73333329,0.060289145,FALSE,0.360693397,trait affects abundance,1.07E-07,0.894736842,0.084433369,8.35896884
10,SP,KERATELLA.CRASSA.1,KERATELLA.CRASSA,0.40616676,0.382035634,0.199999988,0.70711422,FALSE,0.463811869,trait affects abundance,1.18E-07,0.894736842,0.084433369,8.35896884
11,SP,BOSMINIDAE.1,BOSMINIDAE,0.324611968,0.249818073,0.99999994,0.008534908,FALSE,0.370682435,trait affects abundance,2.36E-06,0.894736842,0.084433369,8.35896884
12,SP,CHYDORUS.1,CHYDORUS,0.581655997,0.377513626,0.599999964,0.132854939,FALSE,0.664207369,trait affects abundance,7.51E-07,0.894736842,0.084433369,8.35896884
13,SP,TROPOCYCLOPS.PRASINUS.MEXICANUS.1,TROPOCYCLOPS.PRASINUS.MEXICANUS,0.875714459,0.005898538,0.99999994,0.008534908,TRUE,1,trait affects abundance,5.22E-06,0.894736842,0.084433369,8.35896884
14,SP,KERATELLA.EARLINAE.1,KERATELLA.EARLINAE,0.246627244,0.203230371,0.99999994,0.008534908,FALSE,0.28162975,trait affects abundance,1.10E-07,0.894736842,0.084433369,8.35896884
15,SP,POLYARTHRA.REMATA.1,POLYARTHRA.REMATA,0.469216262,0.247666056,0.99999994,0.008534908,FALSE,0.535809655,trait affects abundance,4.23E-08,0.894736842,0.084433369,8.35896884
16,SP,CONOCHILUS.1,CONOCHILUS,0.37738255,0.159811955,0.99999994,0.008534908,FALSE,0.430942467,trait affects abundance,3.85E-08,0.894736842,0.084433369,8.35896884
17,SP,FILINIA.TERMINALIS.1,FILINIA.TERMINALIS,0.365509143,0.30815964,0.866666615,0.024170518,FALSE,0.41738393,trait affects abundance,1.26E-07,0.894736842,0.084433369,8.35896884
18,SP,GASTROPUS.STYLIFER.1,GASTROPUS.STYLIFER,0.318550923,0.125845584,1,0.027486324,FALSE,0.363761178,trait affects abundance,3.02E-08,0.894736842,0.084433369,8.35896884
19,SP,GASTROPUS.HYPTOPUS.1,GASTROPUS.HYPTOPUS,0.722396304,0.028456493,1,0.027486324,TRUE,0.824922207,trait affects abundance,5.44E-08,0.894736842,0.084433369,8.35896884
20,SP,COPEPOD.NAUPLII,COPEPOD.NAUPLII.1,0.195127155,0.211014552,1,0.027486324,FALSE,0.222820524,abundance affects trait,5.24E-07,0.894736842,0.084433369,8.35896884
21,SP,DIACYCLOPS.THOMASI,DIACYCLOPS.THOMASI.1,0.145411692,0.462026777,0.400000006,0.462432742,FALSE,0.166049208,abundance affects trait,1.01E-05,0.894736842,0.084433369,8.35896884
22,SP,LEPTODIAPTOMUS.MINUTUS,LEPTODIAPTOMUS.MINUTUS.1,0.736923817,0.204769573,0.99999994,0.008534908,FALSE,0.841511533,abundance affects trait,1.37E-05,0.894736842,0.084433369,8.35896884
23,SP,DAPHNIA.LONGIREMIS,DAPHNIA.LONGIREMIS.1,0.496993473,0.045462927,1,0.027486324,TRUE,0.567529139,abundance affects trait,1.40E-05,0.894736842,0.084433369,8.35896884
24,SP,ASPLANCHNA,ASPLANCHNA.1,0.547701528,0.125481911,0.99999994,0.008534908,FALSE,0.625433921,abundance affects trait,1.54E-06,0.894736842,0.084433369,8.35896884
25,SP,KELLICOTTIA.LONGISPINA,KELLICOTTIA.LONGISPINA.1,0.254086387,0.239503415,1,0.027486324,FALSE,0.290147529,abundance affects trait,1.68E-07,0.894736842,0.084433369,8.35896884
26,SP,KERATELLA.COCHLEARIS,KERATELLA.COCHLEARIS.1,0.196817493,0.358701582,0.800000012,0.086410761,FALSE,0.224750763,abundance affects trait,6.73E-08,0.894736842,0.084433369,8.35896884
27,SP,KERATELLA.QUADRATA,KERATELLA.QUADRATA.1,0.554351445,0.43610483,0.866666615,0.024170518,FALSE,0.633027625,abundance affects trait,1.39E-07,0.894736842,0.084433369,8.35896884
28,SP,POLYARTHRA.VULGARIS,POLYARTHRA.VULGARIS.1,0.377838819,0.094080424,1,0.027486324,FALSE,0.431463492,abundance affects trait,1.07E-07,0.894736842,0.084433369,8.35896884
29,SP,KERATELLA.CRASSA,KERATELLA.CRASSA.1,0.142308159,0.384165779,-0.73333329,0.060289178,FALSE,0.162505206,abundance affects trait,1.18E-07,0.894736842,0.084433369,8.35896884
30,SP,BOSMINIDAE,BOSMINIDAE.1,0.182571727,0.405036229,0.73333329,0.060289145,FALSE,0.20848317,abundance affects trait,2.36E-06,0.894736842,0.084433369,8.35896884
31,SP,CHYDORUS,CHYDORUS.1,0.655252082,0.146174688,0.99999994,0.008534908,FALSE,0.748248559,abundance affects trait,7.51E-07,0.894736842,0.084433369,8.35896884
32,SP,TROPOCYCLOPS.PRASINUS.MEXICANUS,TROPOCYCLOPS.PRASINUS.MEXICANUS.1,0.524717997,0.356334608,0.866666615,0.024170518,FALSE,0.599188459,abundance affects trait,5.22E-06,0.894736842,0.084433369,8.35896884
33,SP,KERATELLA.EARLINAE,KERATELLA.EARLINAE.1,0,0.5,1,1,FALSE,0,abundance affects trait,1.10E-07,0.894736842,0.084433369,8.35896884
34,SP,POLYARTHRA.REMATA,POLYARTHRA.REMATA.1,0,0.5,1,1,FALSE,0,abundance affects trait,4.23E-08,0.894736842,0.084433369,8.35896884
35,SP,CONOCHILUS,CONOCHILUS.1,0.102826007,0.337548616,0.866666615,0.024170518,FALSE,0.11741956,abundance affects trait,3.85E-08,0.894736842,0.084433369,8.35896884
36,SP,FILINIA.TERMINALIS,FILINIA.TERMINALIS.1,0.185044035,0.229518354,0.866666615,0.024170518,FALSE,0.21130636,abundance affects trait,1.26E-07,0.894736842,0.084433369,8.35896884
37,SP,GASTROPUS.STYLIFER,GASTROPUS.STYLIFER.1,0.427218639,0.324349287,0.866666615,0.024170518,FALSE,0.48785153,abundance affects trait,3.02E-08,0.894736842,0.084433369,8.35896884
38,SP,GASTROPUS.HYPTOPUS,GASTROPUS.HYPTOPUS.1,0.654014918,0.097346052,0.800000012,0.086410761,FALSE,0.746835811,abundance affects trait,5.44E-08,0.894736842,0.084433369,8.35896884
1,TR,COPEPOD.NAUPLII.1,COPEPOD.NAUPLII,0,0.5,1,1,FALSE,0,trait affects abundance,4.36E-07,0.909090909,0.081098351,7.06087653
2,TR,DIACYCLOPS.THOMASI.1,DIACYCLOPS.THOMASI,0.056337274,0.409401171,0.89442718,0.026772738,FALSE,0.069239258,trait affects abundance,1.45E-05,0.909090909,0.081098351,7.06087653
3,TR,BOSMINIDAE.1,BOSMINIDAE,0.108732476,0.331210196,0.599999964,0.132854939,FALSE,0.133633659,trait affects abundance,3.23E-06,0.909090909,0.081098351,7.06087653
4,TR,CONOCHILUS.1,CONOCHILUS,0.383439728,0.166075136,0.99999994,0.008534908,FALSE,0.471252522,trait affects abundance,1.80E-08,0.909090909,0.081098351,7.06087653
5,TR,FILINIA.TERMINALIS.1,FILINIA.TERMINALIS,0.441866484,0.15379302,0.99999994,0.008534908,FALSE,0.543059781,trait affects abundance,1.04E-07,0.909090909,0.081098351,7.06087653
6,TR,KELLICOTTIA.LONGISPINA.1,KELLICOTTIA.LONGISPINA,0.241691639,0.227377493,0.99999994,0.008534908,FALSE,0.297042236,trait affects abundance,1.82E-07,0.909090909,0.081098351,7.06087653
7,TR,KERATELLA.COCHLEARIS.1,KERATELLA.COCHLEARIS,0.163114663,0.462834739,0.333333313,0.452370405,FALSE,0.200470089,trait affects abundance,6.80E-08,0.909090909,0.081098351,7.06087653
8,TR,KERATELLA.CRASSA.1,KERATELLA.CRASSA,0.409290745,0.038697992,1,0.027486324,TRUE,0.503023765,trait affects abundance,1.39E-07,0.909090909,0.081098351,7.06087653
9,TR,KERATELLA.QUADRATA.1,KERATELLA.QUADRATA,0.432163934,0.247794874,0.99999994,0.008534908,FALSE,0.531135218,trait affects abundance,1.54E-07,0.909090909,0.081098351,7.06087653
10,TR,POLYARTHRA.VULGARIS.1,POLYARTHRA.VULGARIS,0.180452829,0.229310849,0.99999994,0.008534908,FALSE,0.221778925,trait affects abundance,8.59E-08,0.909090909,0.081098351,7.06087653
11,TR,CHYDORUS.1,CHYDORUS,0.745671611,0.21034293,0.99999994,0.008534908,FALSE,0.916440319,trait affects abundance,7.32E-07,0.909090909,0.081098351,7.06087653
12,TR,ASPLANCHNA.1,ASPLANCHNA,0.402880377,0.213883478,0.99999994,0.008534908,FALSE,0.495145337,trait affects abundance,1.44E-06,0.909090909,0.081098351,7.06087653
13,TR,SYNCHAETA.1,SYNCHAETA,0.223053018,0.248406033,0.800000012,0.086410761,FALSE,0.274135124,trait affects abundance,2.48E-07,0.909090909,0.081098351,7.06087653
14,TR,DAPHNIA.LONGIREMIS.1,DAPHNIA.LONGIREMIS,0.302208878,0.181473949,0.800000012,0.086410761,FALSE,0.371418727,trait affects abundance,1.26E-05,0.909090909,0.081098351,7.06087653
15,TR,GASTROPUS.STYLIFER.1,GASTROPUS.STYLIFER,0.591850111,0.147048889,0.99999994,0.008534908,FALSE,0.727391652,trait affects abundance,3.38E-08,0.909090909,0.081098351,7.06087653
16,TR,KERATELLA.EARLINAE.1,KERATELLA.EARLINAE,0.293671535,0.109520119,0.99999994,0.008534908,FALSE,0.360926219,trait affects abundance,1.13E-07,0.909090909,0.081098351,7.06087653
17,TR,NOTHOLCA.MICHIGANENSIS.1,NOTHOLCA.MICHIGANENSIS,0.481237968,0.159796694,0.99999994,0.008534908,FALSE,0.591447858,trait affects abundance,7.37E-08,0.909090909,0.081098351,7.06087653
18,TR,TROPOCYCLOPS.PRASINUS.MEXICANUS.1,TROPOCYCLOPS.PRASINUS.MEXICANUS,0.813660852,0.001468091,0.99999994,0.008534908,TRUE,1,trait affects abundance,5.72E-06,0.909090909,0.081098351,7.06087653
19,TR,LEPTODIAPTOMUS.SICILIS.1,LEPTODIAPTOMUS.SICILIS,0.708957091,0.190453643,0.99999994,0.008534908,FALSE,0.871317686,trait affects abundance,5.02E-05,0.909090909,0.081098351,7.06087653
20,TR,POLYARTHRA.REMATA.1,POLYARTHRA.REMATA,0.274782079,0.287767742,1,0.027486324,FALSE,0.337710827,trait affects abundance,2.92E-08,0.909090909,0.081098351,7.06087653
21,TR,SKISTODIAPTOMUS.OREGONENSIS.1,SKISTODIAPTOMUS.OREGONENSIS,0.203545611,0.200870167,0.966091692,0.012898922,FALSE,0.250160261,trait affects abundance,2.27E-05,0.909090909,0.081098351,7.06087653
22,TR,NOTHOLCA.FOLIACEA.1,NOTHOLCA.FOLIACEA,0.487414193,0.267239676,0.99999994,0.008534908,FALSE,0.599038521,trait affects abundance,1.60E-07,0.909090909,0.081098351,7.06087653
23,TR,COPEPOD.NAUPLII,COPEPOD.NAUPLII.1,0.196102489,0.231611137,0.99999994,0.008534908,FALSE,0.241012565,abundance affects trait,4.36E-07,0.909090909,0.081098351,7.06087653
24,TR,DIACYCLOPS.THOMASI,DIACYCLOPS.THOMASI.1,0.366941765,0.058978346,1,0.027486324,FALSE,0.450976306,abundance affects trait,1.45E-05,0.909090909,0.081098351,7.06087653
25,TR,BOSMINIDAE,BOSMINIDAE.1,0.102512394,0.473452493,0.066666663,1,FALSE,0.125989095,abundance affects trait,3.23E-06,0.909090909,0.081098351,7.06087653
26,TR,CONOCHILUS,CONOCHILUS.1,0.049998797,0.419463734,0.89442718,0.026772738,FALSE,0.061449186,abundance affects trait,1.80E-08,0.909090909,0.081098351,7.06087653
27,TR,FILINIA.TERMINALIS,FILINIA.TERMINALIS.1,0.490161414,0.12637125,1,0.027486324,FALSE,0.602414892,abundance affects trait,1.04E-07,0.909090909,0.081098351,7.06087653
28,TR,KELLICOTTIA.LONGISPINA,KELLICOTTIA.LONGISPINA.1,0.086203342,0.403565814,0.599999964,0.132854939,FALSE,0.105945053,abundance affects trait,1.82E-07,0.909090909,0.081098351,7.06087653
29,TR,KERATELLA.COCHLEARIS,KERATELLA.COCHLEARIS.1,0.165725233,0.291115747,0.99999994,0.008534908,FALSE,0.203678514,abundance affects trait,6.80E-08,0.909090909,0.081098351,7.06087653
30,TR,KERATELLA.CRASSA,KERATELLA.CRASSA.1,0.077087847,0.376853638,0.836660028,0.096092343,FALSE,0.094741988,abundance affects trait,1.39E-07,0.909090909,0.081098351,7.06087653
31,TR,KERATELLA.QUADRATA,KERATELLA.QUADRATA.1,0.399166833,0.276278978,0.99999994,0.008534908,FALSE,0.490581343,abundance affects trait,1.54E-07,0.909090909,0.081098351,7.06087653
32,TR,POLYARTHRA.VULGARIS,POLYARTHRA.VULGARIS.1,0.2450039,0.279867235,0.99999994,0.008534908,FALSE,0.301113049,abundance affects trait,8.59E-08,0.909090909,0.081098351,7.06087653
33,TR,CHYDORUS,CHYDORUS.1,0.622117985,0.308212268,0.99999994,0.008534908,FALSE,0.764591271,abundance affects trait,7.32E-07,0.909090909,0.081098351,7.06087653
34,TR,ASPLANCHNA,ASPLANCHNA.1,0.505191718,0.154639501,0.99999994,0.008534908,FALSE,0.620887335,abundance affects trait,1.44E-06,0.909090909,0.081098351,7.06087653
35,TR,SYNCHAETA,SYNCHAETA.1,0,0.5,1,1,FALSE,0,abundance affects trait,2.48E-07,0.909090909,0.081098351,7.06087653
36,TR,DAPHNIA.LONGIREMIS,DAPHNIA.LONGIREMIS.1,0.429177822,0.150638562,0.99999994,0.008534908,FALSE,0.527465246,abundance affects trait,1.26E-05,0.909090909,0.081098351,7.06087653
37,TR,GASTROPUS.STYLIFER,GASTROPUS.STYLIFER.1,0.579878325,0.078018438,0.99999994,0.008534908,FALSE,0.712678168,abundance affects trait,3.38E-08,0.909090909,0.081098351,7.06087653
38,TR,KERATELLA.EARLINAE,KERATELLA.EARLINAE.1,0.239527398,0.175485278,0.800000012,0.086410761,FALSE,0.294382355,abundance affects trait,1.13E-07,0.909090909,0.081098351,7.06087653
39,TR,NOTHOLCA.MICHIGANENSIS,NOTHOLCA.MICHIGANENSIS.1,0.45623643,0.232235128,0.99999994,0.008534908,FALSE,0.560720636,abundance affects trait,7.37E-08,0.909090909,0.081098351,7.06087653
40,TR,TROPOCYCLOPS.PRASINUS.MEXICANUS,TROPOCYCLOPS.PRASINUS.MEXICANUS.1,0.420256076,0.097779594,0.99999994,0.008534908,FALSE,0.516500303,abundance affects trait,5.72E-06,0.909090909,0.081098351,7.06087653
41,TR,LEPTODIAPTOMUS.SICILIS,LEPTODIAPTOMUS.SICILIS.1,0.592967416,0.072914634,0.99999994,0.008534908,FALSE,0.728764834,abundance affects trait,5.02E-05,0.909090909,0.081098351,7.06087653
42,TR,POLYARTHRA.REMATA,POLYARTHRA.REMATA.1,0.018511659,0.470026477,0.577350259,0.241566658,FALSE,0.022751075,abundance affects trait,2.92E-08,0.909090909,0.081098351,7.06087653
43,TR,SKISTODIAPTOMUS.OREGONENSIS,SKISTODIAPTOMUS.OREGONENSIS.1,0.543064187,0.109549931,0.99999994,0.008534908,FALSE,0.667433102,abundance affects trait,2.27E-05,0.909090909,0.081098351,7.06087653
44,TR,NOTHOLCA.FOLIACEA,NOTHOLCA.FOLIACEA.1,0.553950758,0.107643845,0.99999994,0.008534908,FALSE,0.680812843,abundance affects trait,1.60E-07,0.909090909,0.081098351,7.06087653
1,TB,BOSMINIDAE.1,BOSMINIDAE,0.247122491,0.256725796,0.99999994,0.008534908,FALSE,0.373076477,trait affects abundance,3.14E-06,1,0.002783978,6.817180591
2,TB,CHYDORUS.1,CHYDORUS,0.532286694,0.261720358,1,0.002666712,FALSE,0.803583857,trait affects abundance,8.26E-07,1,0.002783978,6.817180591
3,TB,CYCLOPOID.1,CYCLOPOID,0.662390975,0.101824871,1,0.002666712,FALSE,1,trait affects abundance,4.97E-06,1,0.002783978,6.817180591
4,TB,DAPHNIA.PULICARIA.1,DAPHNIA.PULICARIA,0.27843986,0.285821278,0.333333313,0.452370405,FALSE,0.420355758,trait affects abundance,1.95E-05,1,0.002783978,6.817180591
5,TB,HOLOPEDIUM.GIBBERUM.1,HOLOPEDIUM.GIBBERUM,0.120844997,0.385197793,0.523809552,0.133128524,FALSE,0.182437565,trait affects abundance,9.26E-06,1,0.002783978,6.817180591
6,TB,MESOCYCLOPS.EDAX.1,MESOCYCLOPS.EDAX,0.341577976,0.127914121,1,0.002666712,FALSE,0.515674261,trait affects abundance,4.39E-05,1,0.002783978,6.817180591
7,TB,BOSMINIDAE,BOSMINIDAE.1,0.089730191,0.34938366,0.845154226,0.019067407,FALSE,0.135464091,abundance affects trait,3.14E-06,1,0.002783978,6.817180591
8,TB,CHYDORUS,CHYDORUS.1,0.594094434,0.050211385,0.866666615,0.024170518,FALSE,0.896893914,abundance affects trait,8.26E-07,1,0.002783978,6.817180591
9,TB,CYCLOPOID,CYCLOPOID.1,0.624131079,0.04224777,0.866666615,0.024170518,TRUE,0.942239709,abundance affects trait,4.97E-06,1,0.002783978,6.817180591
10,TB,DAPHNIA.PULICARIA,DAPHNIA.PULICARIA.1,0,0.5,1,1,FALSE,0,abundance affects trait,1.95E-05,1,0.002783978,6.817180591
11,TB,HOLOPEDIUM.GIBBERUM,HOLOPEDIUM.GIBBERUM.1,0,0.5,1,1,FALSE,0,abundance affects trait,9.26E-06,1,0.002783978,6.817180591
12,TB,MESOCYCLOPS.EDAX,MESOCYCLOPS.EDAX.1,0.310217843,0.18044105,1,0.002666712,FALSE,0.468330419,abundance affects trait,4.39E-05,1,0.002783978,6.817180591
